ontology ID,entity type,label,alternative term,definition,definition source,example of usage,term editor,editor note,comment,seeAlso,term tracker item,VIOLIN vaccine ID,obsolete,obsolescence reason,replacement term
ID,TYPE,LABEL,A alternative term SPLIT=|,A http://purl.obolibrary.org/obo/IAO_0000115,A definition source SPLIT=|,A example of usage SPLIT=|,A term editor SPLIT=|,A editor note SPLIT=|,A rdfs:comment SPLIT=|,A rdfs:seeAlsoSPLIT=|,AI term tracker item SPLIT=|,,AT deprecated^^xsd:boolean,AI has obsolescence reason,AI term replaced by
VO:0004989,class,obsolete S protein of SARS-CoV-2,,,,,Anthony Huffman,Replaced term with S protein of SARS-CoV-2 Wuhan strain (PR_P0DTC2) for ontology harmonization,,,,,true,,
VO:0000034,class,obsolete Diphtheria and Tetanus Toxoids Adsorbed by Sanofi Pasteur Ltd,,,,,Oliver He,,Product Name: Diphtheria & Tetanus Toxoids Adsorbed|This term is obsolete since there is another term with the same meaning.,,,,true,http://purl.obolibrary.org/obo/IAO_0000227,VO:0000033
VO:0000141,class,obsolete virulence factor,,,,,Oliver He,,,,,,true,,
VO:0000155,class,obsolete bacterial gene,,,,,Oliver He,,,,,,true,,
VO:0000597,class,obsolete class,,,,,,,,,,,true,http://purl.obolibrary.org/obo/IAO_0000226,
VO:0000787,class,obsolete gene,,,,,Oliver He,"A gene that is a pathogen gene used for vaccine preparation or a host gene encoding for an immune factor important in induction of protective immunity.
a vaccine-associated gene that exists in a pathogen and has been engineered for vaccine develoment. This gene can encode for protective antigen that is overexpressed for vaccine development. This gene can also be a virulence factor that is mutated to attenuate a virulent pathogen with the purpose of making attenuated vaccine.|The term 'gene' has appears in several ontologies, such as Sequence Ontology (SO) and Protein Ontology (PRO). We may choose to use a 'gene' term from other ontologies. The 'gene' term in SO has ID: SO:0000704.",,,,,true,,
VO:0000899,class,obsolete dose,,"dose is a measurement data that measures the quantity of something that may be eaten by or administered to an organism, or that an organism may be exposed to. Quantities of nutrients, drugs, vaccines and toxins are referred to as doses.",http://en.wikipedia.org/wiki/Dose_%28biochemistry%29,,Oliver He|Melanie Courtot,,"obsolete on 2/1/2020, using the OBI dose term (OBI_0000984) instead.",,,,true,http://purl.obolibrary.org/obo/IAO_0000228,http://purl.obolibrary.org/obo/OBI_0000984
VO:0003124,class,obsolete Fluogen,,,,,,,,,,,true,,
VO:0010732,class,obsolete Pneumovax 23 (Canada),,,,,Oliver He|Allen Xiang,,Trade Name: Pneumovax 23,,,,true,,
VO:0010733,class,obsolete Prevnar (Canada),,,https://www.prevnar13.com/,,Oliver He|Allen Xiang,,Trade Name: Prevnar,,,,true,,
VO:0011483,class,obsolete Td Polio Adsorbed,,,,,Oliver He|Allen Xiang,,This term is obsolete since there is another term with the same name.,,,629,true,http://purl.obolibrary.org/obo/IAO_0000227,VO:0011482
VO:0011484,class,obsolete Td Polio Adsorbed,,,,,Oliver He|Allen Xiang,,This term is obsolete since there is another term with the same name.,,,628,true,http://purl.obolibrary.org/obo/IAO_0000227,VO:0011482
VO:0007576,class,obsolete Autologous Dendritic Cell Vaccine ACT2001,,,VIOLIN: https://violinet.org/canvaxkb/vaccine_detail.php?c_vaccine_id=5085,,Jie Zheng|Oliver He,,,,,5085,true,http://purl.obolibrary.org/obo/IAO_0000227,VO:0007283
VO:0007577,class,obsolete Autologous Dendritic Cell-Tumor Fusion Vaccine,,,,,Jie Zheng|Oliver He,,,,,,true,http://purl.obolibrary.org/obo/IAO_0000227,VO:0007289
VO:0007579,class,obsolete Autologous Immunoglobulin Idiotype-KLH Conjugate Vaccine,,,,,Jie Zheng|Oliver He,,,,,,true,http://purl.obolibrary.org/obo/IAO_0000227,VO:0007301
VO:0007589,class,obsolete Bcl-Xs Adenovirus Vaccine,,,VIOLIN: https://violinet.org/canvaxkb/vaccine_detail.php?c_vaccine_id=5399,,Jie Zheng|Oliver He,,,,,5399,true,http://purl.obolibrary.org/obo/IAO_0000227,VO:0007328
VO:0007592,class,obsolete CD80 Breast Cancer Vaccine,,,VIOLIN: https://violinet.org/canvaxkb/vaccine_detail.php?c_vaccine_id=5476,,Jie Zheng|Oliver He,,,,,5476,true,http://purl.obolibrary.org/obo/IAO_0000227,VO:0007358
VO:0007471,class,obsolete Lymphoma DNA vaccine V_V_V_-FrC,,,,,Justin Song|Yuanyi (Penny) Pan|Jie Zheng|Oliver He,,Gene name: Fragment C from tetanus toxin,,https://github.com/vaccineontology/VO/issues/487,,true,http://purl.obolibrary.org/obo/IAO_0000227,VO:0004398
VO:0000197,class,obsolete West Nile virus gene,,,,,Oliver He,,,,https://github.com/vaccineontology/VO/issues/643,,true,http://purl.obolibrary.org/obo/IAO_0000227,VO:0001448
VO:0000217,class,obsolete pCMV4 DNA vaccine plasmid,,,,,Oliver He|Allen Xiang,,,,https://github.com/vaccineontology/VO/issues/643,,true,http://purl.obolibrary.org/obo/IAO_0000227,VO:0000026
VO:0000779,class,obsolete NP-VRP,,An Ebola virus vaccine that is composed of VEE replicon particle (VRP) encoding Ebola virus NP protein.,,,Oliver He,,,,https://github.com/vaccineontology/VO/issues/643,,true,http://purl.obolibrary.org/obo/IAO_0000227,VO:0011387
VO:0000986,class,obsolete avian influenza vaccine,,,,,Asiyah Yu Lin,,,,https://github.com/vaccineontology/VO/issues/643,,true,http://purl.obolibrary.org/obo/IAO_0000227,VO:0000461
VO:0002187,class,"obsolete Swine Influenza H1N1 & H3N2, Killed Virus Vaccine (USDA: 19A5.12)",,,,,Asiyah Yu Lin,generated using OntoRat,,USDA: 19A5.12|violinID:2128,https://github.com/vaccineontology/VO/issues/643,,true,http://purl.obolibrary.org/obo/IAO_0000227,VO:0001826
VO:0002188,class,"obsolete Swine Influenza H1N1 & H3N2, Killed Virus Vaccine (USDA: 19A5.22)",,,,,Asiyah Yu Lin,generated using OntoRat,,USDA: 19A5.22|violinID:2129,https://github.com/vaccineontology/VO/issues/643,,true,http://purl.obolibrary.org/obo/IAO_0000227,VO:0001827
VO:0002189,class,"obsolete Swine Influenza H1N1 & H3N2, Killed Virus Vaccine (USDA: 19A5.23)",,,,,Asiyah Yu Lin,generated using OntoRat,,USDA: 19A5.23|violinID:2130,https://github.com/vaccineontology/VO/issues/643,,true,http://purl.obolibrary.org/obo/IAO_0000227,VO:0001828
VO:0002190,class,"obsolete Swine Influenza H1N1 & H3N2, Killed Virus Vaccine (USDA: 19A5.24)",,,,,Asiyah Yu Lin,generated using OntoRat,,USDA: 19A5.24|violinID:2131,https://github.com/vaccineontology/VO/issues/643,,true,http://purl.obolibrary.org/obo/IAO_0000227,VO:0001829
VO:0002191,class,"obsolete Swine Influenza H1N1 & H3N2, Killed Virus Vaccine (USDA: 19A5.26)",,,,,Asiyah Yu Lin,generated using OntoRat,,USDA: 19A5.26|violinID:2132,https://github.com/vaccineontology/VO/issues/643,,true,http://purl.obolibrary.org/obo/IAO_0000227,VO:0001830
VO:0002192,class,"obsolete Swine Influenza H1N1 & H3N2, Killed Virus Vaccine (USDA: 19A5.29)",,,,,Asiyah Yu Lin,generated using OntoRat,,USDA: 19A5.29|violinID:2133,https://github.com/vaccineontology/VO/issues/643,,true,http://purl.obolibrary.org/obo/IAO_0000227,VO:0001831
VO:0002194,class,"obsolete Porcine Circovirus Type 2, Killed Baculovirus Vector Vaccine (USDA: 19K5.R0)",,,,,Asiyah Yu Lin,generated using OntoRat,,USDA: 19K5.R0|violinID:2096,https://github.com/vaccineontology/VO/issues/643,,true,http://purl.obolibrary.org/obo/IAO_0000227,VO:0001825
VO:0002520,class,obsolete apxIIC from Actinobacillus pleuropneumoniae,,,,,Rebecca Racz|Oliver He,,"In the present study, the gene encoding the ApxII-activating protein, apxIIC, was insertionally inactivated on the chromosome of a serovar 7 strain, HS93. Pigs vaccinated with live HS93C-Ampr via the intranasal route were protected against a cross-serovar challenge with a virulent serovar 1 strain of A. pleuropneumoniae",NCBI_Protein_ID: 52630373; PMID: 10085043,https://github.com/vaccineontology/VO/issues/643,,true,http://purl.obolibrary.org/obo/IAO_0000227,VO:0002519
VO:0002527,class,obsolete actA from Listeria monocytogenes,,,,,Rebecca Racz|Oliver He,,An actA mutant is attenuated in mice and induced significant protection from challenge with wild type L. monocytogenes,NCBI_Gene_ID: 987035; PMID: 12763691,https://github.com/vaccineontology/VO/issues/643,,true,http://purl.obolibrary.org/obo/IAO_0000227,VO:0002526
VO:0002537,class,obsolete panC from Mycobacterium tuberculosis,,,,,Rebecca Racz|Oliver He,,A panCD mutant is attenuated in mice and induces significant protection from challenge with wild type M. tuberculosis,NCBI_Gene_ID: 885459; PMID: 12219086,https://github.com/vaccineontology/VO/issues/643,,true,http://purl.obolibrary.org/obo/IAO_0000227,VO:0002536
VO:0002539,class,obsolete panD from Mycobacterium tuberculosis,,,,,Rebecca Racz|Oliver He,,A panCD mutant is attenuated in mice and induces significant protection from challenge with wild type M. tuberculosis,NCBI_Gene_ID: 885596; PMID: 12219086,https://github.com/vaccineontology/VO/issues/643,,true,http://purl.obolibrary.org/obo/IAO_0000227,VO:0002538
VO:0002552,class,obsolete aroA from Bordetella bronchiseptica,,,,,Rebecca Racz|Oliver He,,"Inactivation of the aroA gene highly attenuates B. bronchiseptica, severely impairing its ability to colonize and survive in the respiratory tract of mice. Upon challenge with wild type B. bronchiseptica, the mice immunised with live attenuated B. bronchiseptica aroA mutant had rapidly reduced numbers of B. bronchiseptica in their respiratory tract",NCBI_Gene_ID: 2659145; PMID: 12009288,https://github.com/vaccineontology/VO/issues/643,,true,http://purl.obolibrary.org/obo/IAO_0000227,VO:0002551
VO:0002581,class,obsolete aroC from Edwardsiella tarda,,,,,Rebecca Racz|Oliver He,,An aroC mutant is attenuated in zebra fish. The aroC mutant is also protective against challenge with wild type E. tarda and has a relative percent survival of 68.3%,NCBI_Gene_ID: 8608790; PMID: 21777261,https://github.com/vaccineontology/VO/issues/643,,true,http://purl.obolibrary.org/obo/IAO_0000227,VO:0002580
VO:0002582,class,obsolete aroC from Edwardsiella tarda,,,,,Rebecca Racz|Oliver He,,An aroC mutant is attenuated in zebra fish. The aroC mutant is also protective against challenge with wild type E. tarda and has a relative percent survival of 68.3%,NCBI_Gene_ID: 8608790; PMID: 21777261,https://github.com/vaccineontology/VO/issues/643,,true,http://purl.obolibrary.org/obo/IAO_0000227,VO:0002580
VO:0002611,class,obsolete siaD from Neisseria meningitidis,,,,,Rebecca Racz|Oliver He,,"A siaD mutant, in combination with either a metH or rfaF mutation, is attenuated in mice and induces protection from challenge with wild type N. meningitidis",NCBI_Gene_ID: 903210; PMID:  14688114,https://github.com/vaccineontology/VO/issues/643,,true,http://purl.obolibrary.org/obo/IAO_0000227,VO:0002610
VO:0002615,class,obsolete aroC from Salmonella spp.,,,,,Rebecca Racz|Oliver He,,"Inactivation of AroC results in attenuation in humans, and the deletions of both AroC and AroD provide a high level of safety against restoration of pathogenicity by recombination. An aroC/aroD-deleted derivative of S. Typhi strain Ty2 (the parent strain of Ty21a) is designated the strain ""CVD 908""",NCBI_Gene_ID: 1069415; PMID: 17582563,https://github.com/vaccineontology/VO/issues/643,,true,http://purl.obolibrary.org/obo/IAO_0000227,VO:0002614
VO:0002618,class,obsolete asd from Salmonella spp.,,,,,Rebecca Racz|Oliver He,,"An asd mutant, alone or in combination with a rfc mutation, is attenuated in mice and induces significant protection from challenge with wild type Salmonella typhimurium",NCBI_Protein_ID: 267995764; PMID:  20799091,https://github.com/vaccineontology/VO/issues/643,,true,http://purl.obolibrary.org/obo/IAO_0000227,VO:0002617
VO:0002623,class,obsolete clpP from Salmonella spp.,,,,,Rebecca Racz|Oliver He,,"A mutation in clpP (CS2007) causes hyperflagellation. These hyperflagellated bacteria are attenuated in mice, and an LD50 for CS2007 could not be determined because mice did not die after inoculation with the highest dose. CS2007 also elicited protection in mice from challenge with wild type S. typhimurium",NCBI_Gene_ID: 1251968; PMID: 2496146,https://github.com/vaccineontology/VO/issues/643,,true,http://purl.obolibrary.org/obo/IAO_0000227,VO:0002622
VO:0002624,class,obsolete clpP from Salmonella spp.,,,,,Rebecca Racz|Oliver He,,"A mutation in clpP (CS2007) causes hyperflagellation. These hyperflagellated bacteria are attenuated in mice, and an LD50 for CS2007 could not be determined because mice did not die after inoculation with the highest dose. CS2007 also elicited protection in mice from challenge with wild type S. typhimurium",NCBI_Gene_ID: 1251968; PMID: 2496146,https://github.com/vaccineontology/VO/issues/643,,true,http://purl.obolibrary.org/obo/IAO_0000227,VO:0002622
VO:0002636,class,obsolete guaA from Salmonella spp.,,,,,Rebecca Racz|Oliver He,,"A guaBA and clpP mutant (CVD 1921) of Salmonella Typhimurium is attenuated in mice after oral immunization. The mutant was also protective, rendering a vaccine efficacy of 86% in mice against challenge with wild type Salmonella Typhimurium",NCBI_Gene_ID: 1254032; PMID: 21807911,https://github.com/vaccineontology/VO/issues/643,,true,http://purl.obolibrary.org/obo/IAO_0000227,VO:0002635
VO:0002638,class,obsolete guaB from Salmonella spp.,,,,,Rebecca Racz|Oliver He,,"A guaBA and clpP mutant (CVD 1921) of Salmonella Typhimurium is attenuated in mice after oral immunization. The mutant was also protective, rendering a vaccine efficacy of 86% in mice against challenge with wild type Salmonella Typhimurium",NCBI_Gene_ID: 1254033; PMID: 21807911,https://github.com/vaccineontology/VO/issues/643,,true,http://purl.obolibrary.org/obo/IAO_0000227,VO:0002637
VO:0002640,class,obsolete guaB from Salmonella spp.,,,,,Rebecca Racz|Oliver He,,"A guaB mutant, in combination with a fliC mutant, is attenuated in mice and chickens and induced significant protection from challenge with wild type S. enterica",NCBI_Gene_ID: 6949287; PMID: 17261603,https://github.com/vaccineontology/VO/issues/643,,true,http://purl.obolibrary.org/obo/IAO_0000227,VO:0002639
VO:0002647,class,obsolete lppB from Salmonella spp.,,,,,Rebecca Racz|Oliver He,,"An lppB mutant, in combination with an msbB mutant or an msbB/lppA mutant, is attenuated in mice and induces significant protection from challenge with wild type S. Typhimurium",NCBI_Protein_ID: 267993263; PMID: 17997275,https://github.com/vaccineontology/VO/issues/643,,true,http://purl.obolibrary.org/obo/IAO_0000227,VO:0002646
VO:0002649,class,obsolete msbB from Salmonella spp.,,,,,Rebecca Racz|Oliver He,,"An msbB mutant, in combination with an lppB or lppAB mutation, is attenuated in mice and induces significant protection from challenge with S. Typhimurium",NCBI_Protein_ID: 4104731; PMID: 17997275,https://github.com/vaccineontology/VO/issues/643,,true,http://purl.obolibrary.org/obo/IAO_0000227,VO:0002648
VO:0002669,class,obsolete aroA from Shigella,,,,,Rebecca Racz|Oliver He,,"An aroA and virG mutant (CVD 1203) is attenuated in guinea pigs, as shown by the Sereny test. Guinea pigs inoculated with CVD 1203 were also protected from challenge with wild type S. flexneri",NCBI_Gene_ID: 1077373; PMID: 7927802,https://github.com/vaccineontology/VO/issues/643,,true,http://purl.obolibrary.org/obo/IAO_0000227,VO:0002668
VO:0002670,class,obsolete aroA from Shigella,,,,,Rebecca Racz|Oliver He,,"An aroA and virG mutant (CVD 1203) is attenuated in guinea pigs, as shown by the Sereny test. Guinea pigs inoculated with CVD 1203 were also protected from challenge with wild type S. flexneri",NCBI_Gene_ID: 1077373; PMID: 7927802,https://github.com/vaccineontology/VO/issues/643,,true,http://purl.obolibrary.org/obo/IAO_0000227,VO:0002668
VO:0002671,class,obsolete aroA from Shigella,,,,,Rebecca Racz|Oliver He,,"An aroA and virG mutant (CVD 1203) is attenuated in guinea pigs, as shown by the Sereny test. Guinea pigs inoculated with CVD 1203 were also protected from challenge with wild type S. flexneri",NCBI_Gene_ID: 1077373; PMID: 7927802,https://github.com/vaccineontology/VO/issues/643,,true,http://purl.obolibrary.org/obo/IAO_0000227,VO:0002668
VO:0002673,class,obsolete aroD from Shigella,,,,,Rebecca Racz|Oliver He,,An aroD mutant is highly attenuated in monkeys and induces significant protection from challenge with wild type S. flexneri,NCBI_Gene_ID: 1078189; PMID: 8356844,https://github.com/vaccineontology/VO/issues/643,,true,http://purl.obolibrary.org/obo/IAO_0000227,VO:0002672
VO:0002676,class,obsolete icsA/virG from Shigella,,,,,Rebecca Racz|Oliver He,,"An aroA and virG mutant (CVD 1203) is attenuated in guinea pigs, as shown by the Sereny test. Guinea pigs inoculated with CVD 1203 were also protected from challenge with wild type S. flexneri",NCBI_Gene_ID: 1238021; PMID: 7927802,https://github.com/vaccineontology/VO/issues/643,,true,http://purl.obolibrary.org/obo/IAO_0000227,VO:0002675
VO:0002679,class,obsolete senA from Shigella,,,,,Rebecca Racz|Oliver He,,"A virG, senA, and senB mutant (WRSs2) is attenuated in guinea pigs and induced significant protection from challenge with wild type S. sonnei. Attenuation and protection from WRSs2 is comparable to live attenuated vaccine strain WRSS1",NCBI_Gene_ID: 3671021; PMID: 19932216,https://github.com/vaccineontology/VO/issues/643,,true,http://purl.obolibrary.org/obo/IAO_0000227,VO:0002678
VO:0002681,class,obsolete senB from Shigella,,,,,Rebecca Racz|Oliver He,,"A virG, senA, and senB mutant (WRSs2) is attenuated in guinea pigs and induced significant protection from challenge with wild type S. sonnei. Attenuation and protection from WRSs2 is comparable to live attenuated vaccine strain WRSS1",NCBI_Gene_ID: 3668265; PMID: 19932216,https://github.com/vaccineontology/VO/issues/643,,true,http://purl.obolibrary.org/obo/IAO_0000227,VO:0002680
VO:0002683,class,obsolete virG from Shigella,,,,,Rebecca Racz|Oliver He,,A virG mutant (WRSS1) is attenuated in guinea pigs and induced significant protection from challenge with wild type Shigella sonnei,NCBI_Gene_ID: 3670887; PMID: 9712824,https://github.com/vaccineontology/VO/issues/643,,true,http://purl.obolibrary.org/obo/IAO_0000227,VO:0002682
VO:0002750,class,obsolete E1 from Western equine encephalomyelitis virus,,,,,Rebecca Racz|Oliver He,,A PE2 mutant combined with a deletion in E1 (WE2130) induced low-level viremia in chickens and protected against challenge with wild type WEE after 2 weeks. This study also found that it is unlikely that mosquito transmission of this strain would occur,NCBI_Protein_ID: 17148717; PMID: 12641414,https://github.com/vaccineontology/VO/issues/643,,true,http://purl.obolibrary.org/obo/IAO_0000227,VO:0002749
VO:0002752,class,obsolete E2 from Western equine encephalomyelitis virus,,,,,Rebecca Racz|Oliver He,,A PE2 mutant combined with a deletion in E2 (WE2102) induced low-level viremia in chickens and protected against challenge with wild type WEE after 2 weeks. This study also found that it is unlikely that mosquito transmission of this strain would occur,NCBI_Protein_ID: 29611992; PMID: 12641414,https://github.com/vaccineontology/VO/issues/643,,true,http://purl.obolibrary.org/obo/IAO_0000227,VO:0002751
VO:0002754,class,obsolete PE2 from Western equine encephalomyelitis virus,,,,,Rebecca Racz|Oliver He,,A PE2 mutant combined with either a deletion in E2 (WE2102) or E1 (WE2130) induced low-level viremia in chickens and protected against challenge with wild type WEE after 2 weeks. This study also found that it is unlikely that mosquito transmission of these two strains would occur,NCBI_Protein_ID: 90811336; PMID: 12641414,https://github.com/vaccineontology/VO/issues/643,,true,http://purl.obolibrary.org/obo/IAO_0000227,VO:0002753
VO:0002764,class,obsolete OMPDC from Toxoplasma gondii,,,,,Rebecca Racz|Oliver He,,"An OMPDC mutant, alone or in combination with an UP mutation, is attenuated in mice and induces significant protection from challenge with wild type T. gondii",NCBI_Gene_ID: 7899615; PMID: 20605980,https://github.com/vaccineontology/VO/issues/643,,true,http://purl.obolibrary.org/obo/IAO_0000227,VO:0002763
VO:0002770,class,obsolete A. pleuropneumoniae HS93C-Ampr,,,,,Rebecca Racz|Oliver He,,"In the present study, the gene encoding the ApxII-activating protein, apxIIC, was insertionally inactivated on the chromosome of a serovar 7 strain, HS93. Pigs vaccinated with live HS93C-Ampr via the intranasal route were protected against a cross-serovar challenge with a virulent serovar 1 strain of A. pleuropneumoniae",,https://github.com/vaccineontology/VO/issues/643,,true,http://purl.obolibrary.org/obo/IAO_0000227,VO:0011385
VO:0002772,class,obsolete Actinobacillus pleuropneumoniae apxIIIB and apxIIID double mutant vaccine,,,,,Rebecca Racz|Oliver He,,"An apxIIID mutant, in combination with an apxIIIB mutation, is highly attenuated in pigs and induces significant protection from challenge with wild type A. pleuropneumoniae. The mutant also was slightly attenuated in mice and induced protection in mice against challenge from the parent strain",,https://github.com/vaccineontology/VO/issues/643,,true,http://purl.obolibrary.org/obo/IAO_0000227,VO:0002771
VO:0002773,class,obsolete Actinobacillus pleuropneumoniae apxIIC and apxIVA double deletion mutant vaccine,,,,,Rebecca Racz|Oliver He,,"A precisely defined DeltaapxIICDeltaapxIVA double-deletion mutant of A. pleuropneumoniae was constructed based on HB04C(-) by transconjugation and counterselection. The results demonstrated that the DeltaapxIICDeltaapxIVA double mutant strain was less virulent than HB04C(-). Despite attenuation of virulence, the DeltaapxIICDeltaapxIVA double mutant remains immunogenic and conferred a similar level of protective immunity to pigs against challenge with a lethal dose of a heterologous fully virulent standard serovar 1 strain of A. pleuropneumoniae. (Reference: PubMed: 17767980)",,https://github.com/vaccineontology/VO/issues/643,,true,http://purl.obolibrary.org/obo/IAO_0000227,VO:0002769
VO:0002774,class,obsolete Actinobacillus pleuropneumoniae ureC and apxIIA double mutant deletion vaccine,,,,,Rebecca Racz|Oliver He,,"Deletions were introduced into the ureC and apxIIA genes of an Actinobacillus pleuropneumoniae serotype 2 strain by homologous recombination and counterselection. The double-mutant contains no foreign DNA, is highly attenuated, protects pigs from homologous challenge upon a single aerosol application",,https://github.com/vaccineontology/VO/issues/643,,true,http://purl.obolibrary.org/obo/IAO_0000227,VO:0002768
VO:0002778,class,obsolete Listeria monocytogenes actA/plcB mutant vaccine,,,,,Rebecca Racz|Oliver He,,"A plcB mutant, in combination with an actA mutant, is attenuated in mice and induces significant protection from challenge with wild type L. monocytogenes",,https://github.com/vaccineontology/VO/issues/643,,true,http://purl.obolibrary.org/obo/IAO_0000227,VO:0002777
VO:0002790,class,obsolete M. tuberculosis phoP mutant SO2,,,,,Rebecca Racz|Oliver He,,"Study evaluated immunogenicity and protection against Mycobacterium tuberculosis in rhesus monkeys with an attenuated M. tuberculosis with a disrupted phoP gene (SO2) as a single-dose vaccine. SO2 treatment showed reduced average lung bacterial counts (1.0 and 1.2 log respectively, compared with 0.4 log for BCG) and significant protective effect by reduction in C-reactive protein levels, body weight loss, and decrease of erythrocyte-associated hematologic parameters (MCV, MCH, Hb, Ht) as markers of inflammatory infection, all relative to non-vaccinated controls",,https://github.com/vaccineontology/VO/issues/643,,true,http://purl.obolibrary.org/obo/IAO_0000227,VO:0000588
VO:0002794,class,obsolete M. tuberculosis secA2 mutant,,,,,Rebecca Racz|Oliver He,,Vaccination of mice and guinea pigs with a secA2 mutant significantly increased resistance to M. tuberculosis challenge compared with standard M. bovis bacille Calmette-Guerin vaccination.,,https://github.com/vaccineontology/VO/issues/643,,true,http://purl.obolibrary.org/obo/IAO_0000227,VO:0000564
VO:0002800,class,obsolete A. salmonicida live-attenuated vaccine encoding AroA,,,,,Rebecca Racz|Oliver He,,"The aroA gene was inactivated by inserting a fragment expressing kanamycin resistance within the coding sequence and challenged in fish. The LD50 for unvaccinated fish was 71. In contrast, the LD50 was 1.8 x 104 in fish vaccinated once and 3 x 105 in fish vaccinated twice",,https://github.com/vaccineontology/VO/issues/643,,true,http://purl.obolibrary.org/obo/IAO_0000227,VO:0011386
VO:0002804,class,obsolete Bordetella bronchiseptica bscN and cyaA double mutant vaccine,,,,,Rebecca Racz|Oliver He,,"A double mutant strain of Bordetella Bronchiseptica lacking adenylate cyclase(cyaA gene) and type III secretion(bscN gene) is attenuated and provides protection in mice against 5 x 105 CFU of RB50, the B. Bronchiseptica parent strain.",,https://github.com/vaccineontology/VO/issues/643,,true,http://purl.obolibrary.org/obo/IAO_0000227,VO:0002803
VO:0002806,class,obsolete Bordetella bronchiseptica aroA/trpE mutant vaccine,,,,,Rebecca Racz|Oliver He,,"A trpE mutant, in combination with an aroA mutation, is attenuated in mice and induces significant protection from challenge with wild type B. bronchiseptica",,https://github.com/vaccineontology/VO/issues/643,,true,http://purl.obolibrary.org/obo/IAO_0000227,VO:0002802
VO:0002814,class,"obsolete B. abortus and B. melitensis mutants with unmarked deletion of asp24, virB2, or manBA",,,,,Rebecca Racz|Oliver He,,Mutants manB and manA were attenuated in Brucella melitensis and provided protection against challenge in mice's livers|Unmarked rough B. abortus and B. melitensis deletion mutants of manBA (including manA and manB) were attenuated. These mutants provided protection against virulent Brucella challenge in mice,,https://github.com/vaccineontology/VO/issues/643,,true,http://purl.obolibrary.org/obo/IAO_0000227,VO:0002810
VO:0002821,class,obsolete B. melitensis WR201 (16M-delta-purEK),,,,,Rebecca Racz|Oliver He,,"A purE/purK mutant of B. melitensis 16M was attenuated in mice when given intraperitoneally. Nine weeks after immunization, mice were protected from challenge with wild type B. melitensis",,https://github.com/vaccineontology/VO/issues/643,,true,http://purl.obolibrary.org/obo/IAO_0000227,VO:0002820
VO:0002822,class,"obsolete B. abortus and B. melitensis mutants with unmarked deletion of asp24, virB2, or manBA",,,,,Rebecca Racz|Oliver He,,A virB2 mutant is attenuated in Brucella melitensis and provides protection in mice,,https://github.com/vaccineontology/VO/issues/643,,true,http://purl.obolibrary.org/obo/IAO_0000227,VO:0002810
VO:0002834,class,obsolete Edwardsiella tarda aroC/esrC mutant vaccine,,,,,Rebecca Racz|Oliver He,,An aroC and esrC mutant is attenuated in zebra fish. This mutant is also protective against challenge with wild type E. tarda and has a relative percent survival of 71.3%,,https://github.com/vaccineontology/VO/issues/643,,true,http://purl.obolibrary.org/obo/IAO_0000227,VO:0002832
VO:0002835,class,obsolete Edwardsiella tarda aroC/slyA mutant vaccine,,,,,Rebecca Racz|Oliver He,,"An aroC and slyA mutant is attenuated in zebra fish. This mutant is also protective against challenge from wild type E. tarda, resulting in a relative percent survival of 80.1%",,https://github.com/vaccineontology/VO/issues/643,,true,http://purl.obolibrary.org/obo/IAO_0000227,VO:0002831
VO:0002848,class,obsolete KKF24,,,,,Rebecca Racz|Oliver He,,An iglC mutant is highly attenuated in mice. Inoculated mice were challenged 30 days later with wild type F. tularensis and were highly protected,,https://github.com/vaccineontology/VO/issues/643,,true,http://purl.obolibrary.org/obo/IAO_0000227,VO:0000307
VO:0002851,class,obsolete Francisella tularensis purMCD mutant vaccine,,,,,Rebecca Racz|Oliver He,,A purMCD mutant in Francisella tularensis was attenuated. A low dose of the F. tularensis LVS delta purMCD mutant provided protection against subsequent lethal challenge with the LVS parental strain,,https://github.com/vaccineontology/VO/issues/643,,true,http://purl.obolibrary.org/obo/IAO_0000227,VO:0002849
VO:0002860,class,obsolete Neisseria meningitidis metH/siaD mutant vaccine,,,,,Rebecca Racz|Oliver He,,"A siaD mutant, in combination with either a metH or rfaF mutation, is attenuated in mice and induces protection from challenge with wild type N. meningitidis",,https://github.com/vaccineontology/VO/issues/643,,true,http://purl.obolibrary.org/obo/IAO_0000227,VO:0002858
VO:0002861,class,obsolete Neisseria meningitidis rfaF/siaD mutant vaccine,,,,,Rebecca Racz|Oliver He,,"A siaD mutant, in combination with either a metH or rfaF mutation, is attenuated in mice and induces protection from challenge with wild type N. meningitidis",,https://github.com/vaccineontology/VO/issues/643,,true,http://purl.obolibrary.org/obo/IAO_0000227,VO:0002859
VO:0002866,class,obsolete Aro-deleted S. Typhi,,,,,Rebecca Racz|Oliver He,,"Inactivation of AroD results in attenuation in humans, and the deletions of both AroC and AroD provide a high level of safety against restoration of pathogenicity by recombination. An aroC/aroD-deleted derivative of S. Typhi strain Ty2 (the parent strain of Ty21a) is designated the strain ""CVD 908""",,https://github.com/vaccineontology/VO/issues/643,,true,http://purl.obolibrary.org/obo/IAO_0000227,VO:0002864
VO:0002873,class,obsolete Salmonella Typhimurium guaBA/clpP mutant vaccine (merged to VO_0002872),,,,,Rebecca Racz|Oliver He,,"A mutation in clpP (CS2007) causes hyperflagellation. These hyperflagellated bacteria are attenuated in mice, and an LD50 for CS2007 could not be determined because mice did not die after inoculation with the highest dose. CS2007 also elicited protection in mice from challenge with wild type S. typhimurium",,https://github.com/vaccineontology/VO/issues/643,,true,http://purl.obolibrary.org/obo/IAO_0000227,VO:0002872
VO:0002874,class,obsolete Salmonella Typhimurium guaBA/clpP/fliD mutant vaccine (merged to VO_0002872),,,,,Rebecca Racz|Oliver He,,"A mutation in clpP (CS2007) causes hyperflagellation. These hyperflagellated bacteria are attenuated in mice, and an LD50 for CS2007 could not be determined because mice did not die after inoculation with the highest dose. CS2007 also elicited protection in mice from challenge with wild type S. typhimurium",,https://github.com/vaccineontology/VO/issues/643,,true,http://purl.obolibrary.org/obo/IAO_0000227,VO:0002872
VO:0002875,class,obsolete Salmonella Gallinarum cbiA/cobS mutant vaccine,,,,,Rebecca Racz|Oliver He,,"A cobS mutant, in combination with a cbiA mutation, is attenuated in chickens and induces significant protection from challenge with wild type S. Gallinarum. This mutant was also able to provide some protection against S. Enteritidis",,https://github.com/vaccineontology/VO/issues/643,,true,http://purl.obolibrary.org/obo/IAO_0000227,VO:0002870
VO:0002880,class,obsolete Salmonella Typhimurium cya/crp mutant vaccine,,,,,Rebecca Racz|Oliver He,,"A cya and crp mutant is attenuated in mice. Thirty days after immunization, mice were protected from oral challenge with wild type S. typhimurium",,https://github.com/vaccineontology/VO/issues/643,,true,http://purl.obolibrary.org/obo/IAO_0000227,VO:0002878
VO:0002884,class,obsolete Salmonella Enteritidis guaBA/clpP mutant vaccine,,,,,Rebecca Racz|Oliver He,,A guaBA and clpP mutant (CVD 1941) is attenuated in mice after oral immunization. This mutant is also protective in mice and had a vaccine efficacy of 76% against challenge with wild type Salmonella Enteritidis,,https://github.com/vaccineontology/VO/issues/643,,true,http://purl.obolibrary.org/obo/IAO_0000227,VO:0002871
VO:0002886,class,obsolete Salmonella Typhimurium guaBA/clpP/fliD mutant vaccine (merged to VO_0002885),,,,,Rebecca Racz|Oliver He,,"A guaBA and clpP mutant (CVD 1921) of Salmonella Typhimurium is attenuated in mice after oral immunization. The mutant was also protective, rendering a vaccine efficacy of 86% in mice against challenge with wild type Salmonella Typhimurium",,https://github.com/vaccineontology/VO/issues/643,,true,http://purl.obolibrary.org/obo/IAO_0000227,VO:0002885
VO:0002887,class,obsolete Salmonella Typhimurium guaBA/clpP mutant vaccine,,,,,Rebecca Racz|Oliver He,,"A guaBA and clpP mutant (CVD 1921) of Salmonella Typhimurium is attenuated in mice after oral immunization. The mutant was also protective, rendering a vaccine efficacy of 86% in mice against challenge with wild type Salmonella Typhimurium",,https://github.com/vaccineontology/VO/issues/643,,true,http://purl.obolibrary.org/obo/IAO_0000227,VO:0002885
VO:0002888,class,obsolete Salmonella Typhimurium guaBA/clpP/fliD mutant vaccine (merged to VO_0002885),,,,,Rebecca Racz|Oliver He,,"A guaBA and clpP mutant (CVD 1921) of Salmonella Typhimurium is attenuated in mice after oral immunization. The mutant was also protective, rendering a vaccine efficacy of 86% in mice against challenge with wild type Salmonella Typhimurium",,https://github.com/vaccineontology/VO/issues/643,,true,http://purl.obolibrary.org/obo/IAO_0000227,VO:0002885
VO:0002889,class,obsolete Salmonella enterica fliC/guaB mutant vaccine,,,,,Rebecca Racz|Oliver He,,"A guaB mutant, in combination with a fliC mutant, is attenuated in mice and chickens and induced significant protection from challenge with wild type S. enterica",,https://github.com/vaccineontology/VO/issues/643,,true,http://purl.obolibrary.org/obo/IAO_0000227,VO:0002881
VO:0002890,class,obsolete Salmonella Enteritidis guaBA/clpP mutant vaccine,,,,,Rebecca Racz|Oliver He,,"A guaB mutant, in combination with a fliC mutant, is attenuated in mice and chickens and induced significant protection from challenge with wild type S. enterica",,https://github.com/vaccineontology/VO/issues/643,,true,http://purl.obolibrary.org/obo/IAO_0000227,VO:0002881
VO:0002891,class,obsolete Salmonella Typhimurium gyrA/cpxA/rpoB mutant vaccine,,,,,Rebecca Racz|Oliver He,,A gyrA-cpxA-rpoB Salmonella Typhimurium mutant was attenuated and protected against challenge in pigs,,https://github.com/vaccineontology/VO/issues/643,,true,http://purl.obolibrary.org/obo/IAO_0000227,VO:0002876
VO:0002894,class,obsolete Salmonella Gallinarum cpxR/Ion mutant vaccine,,,,,Rebecca Racz|Oliver He,,"A lon mutant, in combination with a cpxR mutation, is highly attenuated in mice and induces significant protection from challenge with wild type S. gallinarum",,https://github.com/vaccineontology/VO/issues/643,,true,http://purl.obolibrary.org/obo/IAO_0000227,VO:0002877
VO:0002896,class,obsolete Salmonella Typhimurium IppA/IppB/msbB,,,,,Rebecca Racz|Oliver He,,"An lppB mutant, in combination with an msbB mutant or an msbB/lppA mutant, is attenuated in mice and induces significant protection from challenge with wild type S. Typhimurium",,https://github.com/vaccineontology/VO/issues/643,,true,http://purl.obolibrary.org/obo/IAO_0000227,VO:0002895
VO:0002898,class,obsolete Salmonella Typhimurium IppA/IppB/msbB,,,,,Rebecca Racz|Oliver He,,"An msbB mutant, in combination with an lppB or lppAB mutation, is attenuated in mice and induces significant protection from challenge with S. Typhimurium",,https://github.com/vaccineontology/VO/issues/643,,true,http://purl.obolibrary.org/obo/IAO_0000227,VO:0002895
VO:0002899,class,obsolete Salmonella Typhimurium IppB/msbB mutant vaccine,,,,,Rebecca Racz|Oliver He,,"An msbB mutant, in combination with an lppB or lppAB mutation, is attenuated in mice and induces significant protection from challenge with S. Typhimurium",,https://github.com/vaccineontology/VO/issues/643,,true,http://purl.obolibrary.org/obo/IAO_0000227,VO:0002897
VO:0002906,class,obsolete Salmonella Typhimurium asd/rfc mutant vaccine,,,,,Rebecca Racz|Oliver He,,"An rfc mutant, in combination with an asd mutation, is attenuated in mice and induces significant protection from challenge with wild type S. typhimurium",,https://github.com/vaccineontology/VO/issues/643,,true,http://purl.obolibrary.org/obo/IAO_0000227,VO:0002868
VO:0002907,class,obsolete Salmonella Typhimurium gyrA/cpxA/rpoB mutant vaccine,,,,,Rebecca Racz|Oliver He,,A gyrA-cpxA-rpoB Salmonella Typhimurium mutant was attenuated and protected against challenge in pigs,,https://github.com/vaccineontology/VO/issues/643,,true,http://purl.obolibrary.org/obo/IAO_0000227,VO:0002876
VO:0002910,class,obsolete Salmonella Gallinarum relA/spoT mutant vaccine,,,,,Rebecca Racz|Oliver He,,"A ppGpp-defective Salmonella Gallinarum, which is attained by mutating the relA and spoT genes, is attenuated in chickens and induces protection from oral challenge with wild type S. Gallinarum",,https://github.com/vaccineontology/VO/issues/643,,true,http://purl.obolibrary.org/obo/IAO_0000227,VO:0002905
VO:0002916,class,obsolete Salmonella Typhimurium znuABC mutant vaccine,,,,,Rebecca Racz|Oliver He,,A znuABC mutant is attenuated in mice and induced significant protection against a challenge infection in the large intestine with wild type Salmonella typhimurium,,https://github.com/vaccineontology/VO/issues/643,,true,http://purl.obolibrary.org/obo/IAO_0000227,VO:0002915
VO:0002917,class,obsolete Salmonella Typhimurium znuABC mutant vaccine,,,,,Rebecca Racz|Oliver He,,A znuABC mutant is attenuated in mice and induced significant protection against a challenge infection in the large intestine with wild type Salmonella typhimurium,,https://github.com/vaccineontology/VO/issues/643,,true,http://purl.obolibrary.org/obo/IAO_0000227,VO:0002915
VO:0002918,class,obsolete CVD 1204(pGA1-CS2),,,,,Rebecca Racz|Oliver He,,"An aroA and virG mutant (CVD 1203) is attenuated in guinea pigs, as shown by the Sereny test. Guinea pigs inoculated with CVD 1203 were also protected from challenge with wild type S. flexneri",,https://github.com/vaccineontology/VO/issues/643,,true,http://purl.obolibrary.org/obo/IAO_0000227,VO:0002920
VO:0002919,class,obsolete S. dysenteriae 1 strain WRSd1,,,,,Rebecca Racz|Oliver He,,"An aroA and virG mutant (CVD 1203) is attenuated in guinea pigs, as shown by the Sereny test. Guinea pigs inoculated with CVD 1203 were also protected from challenge with wild type S. flexneri",,https://github.com/vaccineontology/VO/issues/643,,true,http://purl.obolibrary.org/obo/IAO_0000227,VO:0000676
VO:0002921,class,obsolete S. sonnei strain WRSS1,,,,,Rebecca Racz|Oliver He,,"An aroA and virG mutant (CVD 1203) is attenuated in guinea pigs, as shown by the Sereny test. Guinea pigs inoculated with CVD 1203 were also protected from challenge with wild type S. flexneri",,https://github.com/vaccineontology/VO/issues/643,,true,http://purl.obolibrary.org/obo/IAO_0000227,VO:0000678
VO:0002926,class,obsolete SC602,,,,,Rebecca Racz|Oliver He,,"An aroA and virG mutant (CVD 1203) is attenuated in guinea pigs, as shown by the Sereny test. Guinea pigs inoculated with CVD 1203 were also protected from challenge with wild type S. flexneri",,https://github.com/vaccineontology/VO/issues/643,,true,http://purl.obolibrary.org/obo/IAO_0000227,VO:0002920
VO:0002929,class,obsolete Shigella sonnei virG/senA/senB/msbB2 mutant vaccine,,,,,Rebecca Racz|Oliver He,,"A virG, senA, and senB mutant (WRSs2) is attenuated in guinea pigs and induced significant protection from challenge with wild type S. sonnei. Attenuation and protection from WRSs2 is comparable to live attenuated vaccine strain WRSS1",,https://github.com/vaccineontology/VO/issues/643,,true,http://purl.obolibrary.org/obo/IAO_0000227,VO:0002928
VO:0002930,class,obsolete Shigella sonnei virG/senA/senB mutant vaccine,,,,,Rebecca Racz|Oliver He,,"A virG, senA, and senB mutant (WRSs2) is attenuated in guinea pigs and induced significant protection from challenge with wild type S. sonnei. Attenuation and protection from WRSs2 is comparable to live attenuated vaccine strain WRSS1",,https://github.com/vaccineontology/VO/issues/643,,true,http://purl.obolibrary.org/obo/IAO_0000227,VO:0002928
VO:0002931,class,obsolete Shigella sonnei virG/senA/senB/msbB2 mutant vaccine,,,,,Rebecca Racz|Oliver He,,"A virG, senA, and senB mutant (WRSs2) is attenuated in guinea pigs and induced significant protection from challenge with wild type S. sonnei. Attenuation and protection from WRSs2 is comparable to live attenuated vaccine strain WRSS1",,https://github.com/vaccineontology/VO/issues/643,,true,http://purl.obolibrary.org/obo/IAO_0000227,VO:0002928
VO:0002932,class,obsolete Shigella sonnei virG/senA/senB mutant vaccine,,,,,Rebecca Racz|Oliver He,,A virG mutant (WRSS1) is attenuated in guinea pigs and induced significant protection from challenge with wild type Shigella sonnei,,https://github.com/vaccineontology/VO/issues/643,,true,http://purl.obolibrary.org/obo/IAO_0000227,VO:0000678
VO:0002933,class,obsolete Shigella sonnei virG/senA/senB/msbB2 mutant vaccine,,,,,Rebecca Racz|Oliver He,,A virG mutant (WRSS1) is attenuated in guinea pigs and induced significant protection from challenge with wild type Shigella sonnei,,https://github.com/vaccineontology/VO/issues/643,,true,http://purl.obolibrary.org/obo/IAO_0000227,VO:0000678
VO:0002940,class,obsolete Yersinia pestis guaBA mutant vaccine,,,,,Rebecca Racz|Oliver He,,A guaBA mutant is attenuated in mice and induced significant protection from challenge with wild type Y. pestis,,https://github.com/vaccineontology/VO/issues/643,,true,http://purl.obolibrary.org/obo/IAO_0000227,VO:0002939
VO:0002945,class,obsolete Yersinia pestis smpB/ssrA mutant vaccine,,,,,Rebecca Racz|Oliver He,,"An smpB mutant, in combination with an ssrA mutation, is attenuated in mice and induces significant protection from challenge with wild type Y. pestis",,https://github.com/vaccineontology/VO/issues/643,,true,http://purl.obolibrary.org/obo/IAO_0000227,VO:0002944
VO:0002962,class,obsolete Feline infectiour peritonitis virus 3abc mutant vaccine,,,,,Rebecca Racz|Oliver He,,A 3abc deletion mutant in Feline infectious peritonitis virus (FIPV) was attenuated and provided protection against virulent FIPV strain 79-1146 challenge in kittens,,https://github.com/vaccineontology/VO/issues/643,,true,http://purl.obolibrary.org/obo/IAO_0000227,VO:0002961
VO:0002963,class,obsolete Feline infectiour peritonitis virus 3abc mutant vaccine,,,,,Rebecca Racz|Oliver He,,A 3abc deletion mutant in Feline infectious peritonitis virus (FIPV) was attenuated and provided protection against virulent FIPV strain 79-1146 challenge in kittens,,https://github.com/vaccineontology/VO/issues/643,,true,http://purl.obolibrary.org/obo/IAO_0000227,VO:0002961
VO:0002965,class,obsolete Feline infectious peritonitis virus 7ab mutant vaccine,,,,,Rebecca Racz|Oliver He,,A 7ab deletion mutant in Feline infectious peritonitis virus is attenuated and provides protection against virulent FIPV strain 79-1146 challenge in kittens,,https://github.com/vaccineontology/VO/issues/643,,true,http://purl.obolibrary.org/obo/IAO_0000227,VO:0002964
VO:0002975,class,obsolete Herpes simplex virus type 1 DNA vaccine encoding GE,,,,,Rebecca Racz|Oliver He,,"An HSV-1 gE (Us8) deletion strain, NS-gEnull, was used as a live attenuated vaccine. After HSV-1 challenge, latent virus was recovered by DRG explant cocultures from <10% of vaccinated mice compared with 100% of mock-vaccinated mice",,https://github.com/vaccineontology/VO/issues/643,,true,http://purl.obolibrary.org/obo/IAO_0000227,VO:0011423
VO:0002984,class,obsolete Pseudorabies virus glycoprotein E/G/UL23 mutant vaccine,,,,,Rebecca Racz|Oliver He,,"A glycoprotein G mutant, in combination with UL23 and glycoprotein E mutations, is attenuated in raccoons, with a 75% survival rate. This mutant also provides some protection from wild type PRV",,https://github.com/vaccineontology/VO/issues/643,,true,http://purl.obolibrary.org/obo/IAO_0000227,VO:0002983
VO:0002987,class,obsolete Pseudorabies virus gp50/gp63 mutant vaccine,,,,,Rebecca Racz|Oliver He,,A gp50+gp63 deletion mutant in Pseudorabies virus was attenuated and provided protection from clinical signs of Aujeszky's disease after a challenge inoculation with the virulent wild-type PRV strain NIA-3,,https://github.com/vaccineontology/VO/issues/643,,true,http://purl.obolibrary.org/obo/IAO_0000227,VO:0002986
VO:0002988,class,obsolete Pseudorabies virus glycoprotein E/G/UL23 mutant vaccine,,,,,Rebecca Racz|Oliver He,,"A UL23 mutant, in combination with mutations in glycoproteins G and E, is attenuated in raccoons, with a 75% survival rate. This mutant also provides some protection from wild type PRV",,https://github.com/vaccineontology/VO/issues/643,,true,http://purl.obolibrary.org/obo/IAO_0000227,VO:0002983
VO:0005176,class,obsolete COH04S1,,,A synthetic modified vaccinia Ankara (MVA)-based SARS-CoV-2 vaccine.,,Philip Huang,,,,,,true,http://purl.obolibrary.org/obo/IAO_0000227,VO:0005394
VO:0002997,class,obsolete VEE Virus PE2/E1 mutant vaccine,,,,,Rebecca Racz|Oliver He,,A VEE mutant with a PE2 cleavage signal mutation and a suppressor mutation in E1 is highly attenuated in mice and provides complete protection against challenge with wild type VEE,,https://github.com/vaccineontology/VO/issues/643,,true,http://purl.obolibrary.org/obo/IAO_0000227,VO:0002996
VO:0002999,class,obsolete WEEV DNA Vaccine encoding 6K-E1 Protein,,,,,Rebecca Racz|Oliver He,,A PE2 mutant combined with a deletion in E1 (WE2130) induced low-level viremia in chickens and protected against challenge with wild type WEE after 2 weeks. This study also found that it is unlikely that mosquito transmission of this strain would occur,,https://github.com/vaccineontology/VO/issues/643,,true,http://purl.obolibrary.org/obo/IAO_0000103,
VO:0003001,class,obsolete WEEV Subunit E2 Protein Vaccine,,,,,Rebecca Racz|Oliver He,,A PE2 mutant combined with a deletion in E2 (WE2102) induced low-level viremia in chickens and protected against challenge with wild type WEE after 2 weeks. This study also found that it is unlikely that mosquito transmission of this strain would occur,,https://github.com/vaccineontology/VO/issues/643,,true,http://purl.obolibrary.org/obo/IAO_0000227,VO:0003002
VO:0003010,class,obsolete P. yoelii p36/p52 mutant vaccine,,,,,Rebecca Racz|Oliver He,,A genetically attenuated parasite (GAP) with deletions in p52 and p36 are attenuated in mice. Mice immunized with the mutant were completely protected against challenge with wild type Plasmodium sporozoites,,https://github.com/vaccineontology/VO/issues/643,,true,http://purl.obolibrary.org/obo/IAO_0000227,VO:0003009
VO:0003015,class,obsolete Toxoplasma gondii OMPDC/UP mutant vaccine,,,,,Rebecca Racz|Oliver He,,"A UP mutant, in combination with an OMPDC mutation, is attenuated in mice and induces significant protection from wild type T. gondii",,https://github.com/vaccineontology/VO/issues/643,,true,http://purl.obolibrary.org/obo/IAO_0000227,VO:0003014
VO:0003280,class,obsolete 0.65 ML Varicella-Zoster Virus Vaccine Live (Oka-Merck) strain 29800 UNT/ML Injection,,,http://purl.bioontology.org/ontology/RXNORM/1292432,,,,,,https://github.com/vaccineontology/VO/issues/643,,true,http://purl.obolibrary.org/obo/IAO_0000227,VO:0003272
VO:0004262,class,obsolete E. coli CS3 in PLGA microspheres,,,,,Ronak Sutariya|Ningxian Fan|Oliver He,,,violinID: 3095,https://github.com/vaccineontology/VO/issues/643,,true,http://purl.obolibrary.org/obo/IAO_0000227,VO:0000933
VO:0011347,class,obsolete rLm/iglC,,,,,Oliver He|Allen Xiang,,,VIOLIN Vaccine ID: 440,https://github.com/vaccineontology/VO/issues/643,,true,http://purl.obolibrary.org/obo/IAO_0000227,VO:0000431
VO:0003004,class,obsolete Western equine encephalomyelitis virus PE2/E2 mutant virus,,,,,Rebecca Racz|Oliver He,,A PE2 mutant combined with either a deletion in E2 (WE2102) or E1 (WE2130) induced low-level viremia in chickens and protected against challenge with wild type WEE after 2 weeks. This study also found that it is unlikely that mosquito transmission of these two strains would occur,,,,true,http://purl.obolibrary.org/obo/IAO_0000227,VO:0003003
VO:0010917,class,obsolete Hap from H. influenzae,,,,,Oliver He|Allen Xiang,,,Protegen ID: 103; NCBITaxon: 727,https://github.com/vaccineontology/VO/issues/643,,true,http://purl.obolibrary.org/obo/IAO_0000227,VO:0010916
VO:0000638,Object property,obsolete vaccinates,,"A relation between a vaccine instance and an organism type such that if the vaccine instance is given to an instance of the organism by the process vaccination, then it changes the organism's disposition to have an immune response against a disease.",,"""A vaccinates B"" means that the vaccine A is used for vaccinating the host B (e.g., human).",Oliver He|Alan Ruttenburg|Allen Xiang|Melanie Courtot,,,,,,true,,
VO:0000711,Object property,obsolete has_vaccine_allergen,,has_vaccine_allegen is a relation that specifies an allegen to a vaccine.,,,Oliver He,,,,,,true,,
VO:0000489,class,obsolete licensed human vaccine role,,a licensed vaccine role that is bears in a licensed human vaccine.,,,Oliver He,"Discussed among Barry Smith, Anna Maria Masci, Jie Zheng and Oliver He. The vaccine recipient will be associate with vaccine directly rather than using the role.",,,,,true,http://purl.obolibrary.org/obo/IAO_0000103,
VO:0000551,class,obsolete licensed veterinary vaccine role,,a licensed vaccine role that is bears in a licensed veterinary vaccine.,,,Oliver He,"Discussed among Barry Smith, Anna Maria Masci, Jie Zheng and Oliver He. The vaccine recipient will be associate with vaccine directly rather than using the role.",,,,,true,http://purl.obolibrary.org/obo/IAO_0000103,
VO:0000507,class,obsolete Canada licensed veterinary vaccine role,,A Canada  licensed vaccine role that indicates the vaccine is for veterinary uses.,,,Oliver He,"Discussed among Barry Smith, Anna Maria Masci, Jie Zheng and Oliver He. The vaccine recipient will be associate with vaccine directly rather than using the role.",,,,,true,http://purl.obolibrary.org/obo/IAO_0000103,
VO:0000605,class,obsolete Canada licensed human vaccine role,,A Canada licensed vaccine role that indicates the vaccine is used for human,,,Oliver He,"Discussed among Barry Smith, Anna Maria Masci, Jie Zheng and Oliver He. The vaccine recipient will be associate with vaccine directly rather than using the role.",,,,,true,http://purl.obolibrary.org/obo/IAO_0000103,
VO:0000390,class,obsolete birds vaccine,,Vaccine that used for immunizing birds.,,,Asiyah Yu Lin,,,,,,true,http://purl.obolibrary.org/obo/IAO_0000227,VO:0001461
VO:0002813,class,obsolete non-infectious disease vaccine,,A vaccine that prevents or treats a non-infectious disease.,https://www.ncbi.nlm.nih.gov/pubmed/12831367,,Oliver He|Ronak Sutariya,,"There are mainly five types of non-infectious diseases, which are diabetes, allergies, cardiovascular diseases, cancer and genetic diseases. URL: http://www.ychlpyss.edu.hk/~bio/share/0405/f6homework/Non-infectious%20disease/noninfectiousdisease(ths).htm",,,,true,http://purl.obolibrary.org/obo/IAO_0000103,
VO:0019505,class,obsolete hepatitis A vaccine (inactivated) strain HM175 Injectable Suspension,,,,,OHDSI Vaccine WG,,,,https://github.com/vaccineontology/VO/issues/737,,true,http://purl.obolibrary.org/obo/IAO_0000227,VO:0015315
VO:0003228,class,obsolete 1 ML Hepatitis B Surface Antigen Vaccine 0.04 MG/ML Injection [Recombivax],,,http://purl.bioontology.org/ontology/RXNORM/830263,,,,,,https://github.com/vaccineontology/VO/issues/737,,true,http://purl.obolibrary.org/obo/IAO_0000227,VO:0019370
VO:0003233,class,obsolete 1 ML Hepatitis B Surface Antigen Vaccine 0.04 MG/ML Injection,,,,,,,,,https://github.com/vaccineontology/VO/issues/737,,true,http://purl.obolibrary.org/obo/IAO_0000227,VO:0019369
VO:0003234,class,obsolete 0.5 ML Hepatitis B Surface Antigen Vaccine 0.04 MG/ML Injection,,,,,,,,,https://github.com/vaccineontology/VO/issues/737,,true,http://purl.obolibrary.org/obo/IAO_0000227,VO:0019179
VO:0003956,class,obsolete vibrio cholerae CVD 103-HGR strain live antigen 12000000 UNT/ML,,,,,Kallan Roan|Oliver He|Xingxian Li|Jie Zheng,,,,https://github.com/vaccineontology/VO/issues/737,,true,http://purl.obolibrary.org/obo/IAO_0000227,VO:0020289
VO:0003964,class,obsolete vibrio cholerae CVD 103-HGR strain live antigen 12000000 UNT/ML [Vaxchora],,,http://purl.bioontology.org/ontology/RXNORM/1812947,,Kallan Roan|Oliver He,,,,https://github.com/vaccineontology/VO/issues/737,,true,http://purl.obolibrary.org/obo/IAO_0000227,VO:0020290
VO:0004213,class,obsolete BACILLUS ANTHRACIS STRAIN V770-NP1-R ANTIGENS 0.1 MG/ML,,,,,Kallan Roan|Oliver He|Xingxian Li|Jie Zheng,,,,https://github.com/vaccineontology/VO/issues/737,,true,http://purl.obolibrary.org/obo/IAO_0000227,VO:0019406
VO:0004216,class,obsolete BACILLUS ANTHRACIS STRAIN V770-NP1-R ANTIGENS 0.1 MG/ML [Biothrax],,,http://purl.bioontology.org/ontology/RXNORM/1799963,,Kallan Roan|Oliver He,,,,https://github.com/vaccineontology/VO/issues/737,,true,http://purl.obolibrary.org/obo/IAO_0000227,VO:0019407
VO:0010127,class,"obsolete Historical diphtheria and tetanus toxoids and acellular pertussis, poliovirus, Haemophilus b conjugate and hepatitis B (recombinant) vaccine.",,,,,Yuanyi Pan,,,,https://github.com/vaccineontology/VO/issues/737,,true,http://purl.obolibrary.org/obo/IAO_0000227,VO:0010162
VO:0015110,class,obsolete 0.5 ML Hepatitis A Vaccine (Inactivated) Strain HM175 1440 UNT/ML Prefilled Syringe,,,,,OHDSI Vaccine WG,,,,https://github.com/vaccineontology/VO/issues/737,,true,http://purl.obolibrary.org/obo/IAO_0000227,VO:0019175
VO:0015196,class,obsolete 1 ML Hepatitis A Vaccine (Inactivated) Strain HM175 1440 UNT/ML Prefilled Syringe,,,,,OHDSI Vaccine WG,,,,https://github.com/vaccineontology/VO/issues/737,,true,http://purl.obolibrary.org/obo/IAO_0000227,VO:0019362
VO:0019529,class,obsolete hepatitis B surface antigen vaccine 0.04 MG/ML,,,,,OHDSI Vaccine WG,,,,https://github.com/vaccineontology/VO/issues/737,,true,http://purl.obolibrary.org/obo/IAO_0000227,VO:0003230
VO:0020275,class,"obsolete typhoid Vi polysaccharide vaccine, S typhi Ty2 strain 0.05 MG/ML Injectable Solution",,,,,OHDSI Vaccine WG,,,,https://github.com/vaccineontology/VO/issues/737,,true,http://purl.obolibrary.org/obo/IAO_0000227,VO:0020469
VO:0020276,class,"obsolete typhoid Vi polysaccharide vaccine, S typhi Ty2 strain 0.05 MG/ML Prefilled Syringe",,,,,OHDSI Vaccine WG,,,,https://github.com/vaccineontology/VO/issues/737,,true,http://purl.obolibrary.org/obo/IAO_0000227,VO:0020472
VO:0020277,class,"obsolete typhoid Vi polysaccharide vaccine, S typhi Ty2 strain 0.05 MG/ML Prefilled Syringe [Typhim VI]",,,,,OHDSI Vaccine WG,,,,https://github.com/vaccineontology/VO/issues/737,,true,http://purl.obolibrary.org/obo/IAO_0000227,VO:0020470
VO:0020409,class,"obsolete 0.5 ML Typhoid Vi Polysaccharide Vaccine, S typhi Ty2 strain 0.05 MG/ML Injectable Solution [Typhim VI]",,,,,OHDSI Vaccine WG,,,,https://github.com/vaccineontology/VO/issues/737,,true,http://purl.obolibrary.org/obo/IAO_0000227,VO:0020410
VO:0020420,class,"obsolete Typhoid Vi Polysaccharide Vaccine, S typhi Ty2 strain 0.05 MG/ML Injectable Solution [Typhim VI] Box of 1",,,,,OHDSI Vaccine WG,,,,https://github.com/vaccineontology/VO/issues/737,,true,http://purl.obolibrary.org/obo/IAO_0000227,VO:0020421
VO:0020422,class,"obsolete Typhoid Vi Polysaccharide Vaccine, S typhi Ty2 strain 0.05 MG/ML Injectable Solution [Typhim VI] Box of 10",,,,,OHDSI Vaccine WG,,,,https://github.com/vaccineontology/VO/issues/737,,true,http://purl.obolibrary.org/obo/IAO_0000227,VO:0020423
VO:0020432,class,"obsolete 0.5 ML typhoid Vi polysaccharide vaccine, S typhi Ty2 strain 0.05 MG/ML Injectable Solution [Typhim VI] by Sanofi",,,,,OHDSI Vaccine WG,,,,https://github.com/vaccineontology/VO/issues/737,,true,http://purl.obolibrary.org/obo/IAO_0000227,VO:0020433
VO:0020434,class,"obsolete 0.5 ML typhoid Vi polysaccharide vaccine, S typhi Ty2 strain 0.05 MG/ML Injectable Solution [Typhim VI] by Waymade",,,,,OHDSI Vaccine WG,,,,https://github.com/vaccineontology/VO/issues/737,,true,http://purl.obolibrary.org/obo/IAO_0000227,VO:0020435
VO:0020445,class,"obsolete 0.5 ML typhoid Vi polysaccharide vaccine, S typhi Ty2 strain 0.05 MG/ML Injectable Solution [Typhim VI] Box of 1",,,,,OHDSI Vaccine WG,,,,https://github.com/vaccineontology/VO/issues/737,,true,http://purl.obolibrary.org/obo/IAO_0000227,VO:0020444
VO:0020446,class,"obsolete 0.5 ML typhoid Vi polysaccharide vaccine, S typhi Ty2 strain 0.05 MG/ML Injectable Solution [Typhim VI] Box of 10",,,,,OHDSI Vaccine WG,,,,https://github.com/vaccineontology/VO/issues/737,,true,http://purl.obolibrary.org/obo/IAO_0000227,VO:0020447
VO:0020459,class,"obsolete 0.5 ML typhoid Vi polysaccharide vaccine, S typhi Ty2 strain 0.05 MG/ML Injectable Solution [Typhim VI] Box of 1 by Sanofi",,,,,OHDSI Vaccine WG,,,,https://github.com/vaccineontology/VO/issues/737,,true,http://purl.obolibrary.org/obo/IAO_0000227,VO:0020460
VO:0020461,class,"obsolete 0.5 ML typhoid Vi polysaccharide vaccine, S typhi Ty2 strain 0.05 MG/ML Injectable Solution [Typhim VI] Box of 1 by Waymade",,,,,OHDSI Vaccine WG,,,,https://github.com/vaccineontology/VO/issues/737,,true,http://purl.obolibrary.org/obo/IAO_0000227,VO:0020462
VO:0020463,class,"obsolete 0.5 ML typhoid Vi polysaccharide vaccine, S typhi Ty2 strain 0.05 MG/ML Injectable Solution [Typhim VI] Box of 10 by Sanofi",,,,,OHDSI Vaccine WG,,,,https://github.com/vaccineontology/VO/issues/737,,true,http://purl.obolibrary.org/obo/IAO_0000227,VO:0020464
VO:0020465,class,"obsolete 0.5 ML Typhoid Vi Polysaccharide Vaccine, S typhi Ty2 strain 0.05 MG/ML Injectable Solution [Typhim VI] Box of 10 by Waymade",,,,,OHDSI Vaccine WG,,,,https://github.com/vaccineontology/VO/issues/737,,true,http://purl.obolibrary.org/obo/IAO_0000227,VO:0020466
VO:0020475,class,"obsolete 0.5 ML Typhoid Vi Polysaccharide Vaccine, S typhi Ty2 strain 0.05 MG/ML Prefilled Syringe",,,,,OHDSI Vaccine WG,,,,https://github.com/vaccineontology/VO/issues/737,,true,http://purl.obolibrary.org/obo/IAO_0000227,VO:0019351
VO:0007196,class,obsolete Ad5-yCD/mutTKSR39rep-hIL12 Vaccine,,,,,Ibrahim Seleznev|Eliyas Asfaw|Jie Zheng|Oliver He,,,,https://github.com/vaccineontology/VO/issues/737,,true,http://purl.obolibrary.org/obo/IAO_0000227,VO:0007572
VO:0001463,class,obsolete Fowlpox virus vaccine,,viral vaccine that is used to protect against Fowlpox virus infection,,,Asiyah Yu Lin,,,,https://github.com/vaccineontology/VO/issues/737,,true,http://purl.obolibrary.org/obo/IAO_0000227,VO:0000985
VO:0007188,class,obsolete 12 Melanoma Peptide Vaccine,,,,,Ibrahim Seleznev|Eliyas Asfaw|Jie Zheng|Oliver He,,,,https://github.com/vaccineontology/VO/issues/80,,true,http://purl.obolibrary.org/obo/IAO_0000227,VO:0007189
VO:0007518,class,obsolete Melanoma DNA vaccine TA2M(TM) encoding tyrosinase peptides,,,,,Justin Song|Yuanyi (Penny) Pan|Jie Zheng|Oliver He,,,,https://github.com/vaccineontology/VO/issues/517|https://github.com/vaccineontology/VO/issues/768,,true,http://purl.obolibrary.org/obo/IAO_0000227,VO:0004431
VO:0007529,class,obsolete mRNA-Electroporated Dendritic Cells Vaccine,,,,,Justin Song|Yuanyi (Penny) Pan|Jie Zheng|Oliver He,,,,https://github.com/vaccineontology/VO/issues/543,,true,http://purl.obolibrary.org/obo/IAO_0000227,VO:0004614
VO:0001459,class,obsolete Eimeria spp. vaccine,,protozoan vaccine that is used to protect against Eimeria spp. (Eimeria) infection,,,Asiyah Yu Lin,,,,https://github.com/vaccineontology/VO/issues/762,,true,http://purl.obolibrary.org/obo/IAO_0000227,VO:0000906
VO:0003056,class,obsolete viral haemorrhagic septicaemia virus vaccine,,A viral vaccine against infection of a viral haemorrhagic septicaemia virus.,,,Oliver He|Ronak Sutariya,,,,https://github.com/vaccineontology/VO/issues/688,,true,http://purl.obolibrary.org/obo/IAO_0000227,VO:0001224
VO:0001482,class,obsolete bovine herpesvirus 1 vaccine,BHV-1 vaccine|Bovine rhinotracheitis vaccine,viral vaccine that is used to protect against Bovine herpesvirus 1 infection,,,Asiyah Yu Lin|Oliver He,,,,https://github.com/vaccineontology/VO/issues/688,,true,http://purl.obolibrary.org/obo/IAO_0000227,VO:0000987
VO:0010727,class,obsolete Menomune A/C/Y/W-135 vaccine,,,,,Oliver He|Allen Xiang,Menomune A/C/Y/W-135,Trade Name: Menomune A/C/Y/W-135,,https://github.com/vaccineontology/VO/issues/688,,true,http://purl.obolibrary.org/obo/IAO_0000227,VO:0000072
VO:0000748,class,obsolete Papillomavirus vaccine,,A viral vaccine that protects against infection with Papillomavirus.,,,Oliver He,,,MeSH: D053918,https://github.com/vaccineontology/VO/issues/688,,true,http://purl.obolibrary.org/obo/IAO_0000227,VO:0003538
VO:0006020,class,obsolete HPV unspecified formulation,,,,,,,,,,,true,http://purl.obolibrary.org/obo/IAO_0000227,VO:0010446
VO:0003086,class,obsolete RB51 induced immune protection,,,,,,,,,,,true,http://purl.obolibrary.org/obo/IAO_0000226,
VO:0003087,class,obsolete RB51 induced immune response without protection,,,,,,,,,,,true,http://purl.obolibrary.org/obo/IAO_0000226,
VO:0003063,class,obsolete RB51 induced protection against B.abortus,,,,,,,,,,,true,http://purl.obolibrary.org/obo/IAO_0000226,
VO:0003064,class,obsolete RB51 induced protection against B.canis,,,,,,,,,,,true,http://purl.obolibrary.org/obo/IAO_0000226,
VO:0003065,class,obsolete RB51 induced protection against B.Melitensis,,,,,,,,,,,true,http://purl.obolibrary.org/obo/IAO_0000226,
VO:0003077,class,obsolete RB51 induced protection against B. ovis,,,,,,,,,,,true,http://purl.obolibrary.org/obo/IAO_0000226,
VO:0003045,class,obsolete RB51 induced protection against B.suis,,,,,,,,,,,true,http://purl.obolibrary.org/obo/IAO_0000226,
VO:0003068,class,obsolete RB51 induced host immune response,,,,,,,,,,,true,http://purl.obolibrary.org/obo/IAO_0000226,
VO:0001030,class,obsolete vaccine-induced mouse immune response,,,,,,,,,,,true,http://purl.obolibrary.org/obo/IAO_0000226,
VO:0000309,class,obsolete vaccine-induced antibody mediated immune response,,,,,Oliver He,,,,,,true,http://purl.obolibrary.org/obo/IAO_0000227,VO:0000632
VO:0003057,class,obsolete augmented protection and cellular immunity using host protein as adjuvant,,an vaccine-induced host response that shows augmented protection and cellular immunity after a host protein is used as adjuvant. ,,,Oliver He|Rebecca Racz,,,,,,true,http://purl.obolibrary.org/obo/IAO_0000226,
VO:0000354,class,obsolete B. ovis microparticle subunit vaccine,,,PMID:16481077,,Oliver He,,,,https://github.com/vaccineontology/VO/issues/697,,true,http://purl.obolibrary.org/obo/IAO_0000227,VO:0004146
VO:0007108,class,obsolete Synchotrope TA2M vaccine,,"A recombinant plasmid DNA vaccine that encodes two peptides, tyrosinase 207-216 and tyrosinase 1-17,  both of which are derived from human tyrosinase.",,,Virginia He|Jimmy Guo|Jie Zheng|Oliver He,,,,https://github.com/vaccineontology/VO/issues/697,,true,http://purl.obolibrary.org/obo/IAO_0000227,VO:0007109
VO:0001506,class,obsolete Bovine Parainfluenza 3 Virus vaccine,,,PMID:12833467|NCT: https://clinicaltrials.gov/ct2/show/NCT00023647,,Asiyah Yu Lin|Oliver He,,,,https://github.com/vaccineontology/VO/issues/697,,true,http://purl.obolibrary.org/obo/IAO_0000227,VO:0000990
VO:0003389,class,obsolete Acellular Pertussis Vaccine,,,,,Khadeejah Khan|Oliver He,,,,https://github.com/vaccineontology/VO/issues/778,,true,http://purl.obolibrary.org/obo/IAO_0000227,VO:0000765
VO:0007596,class,obsolete CVB4/p24(73(3)) vaccine,,,,,Jie Zheng|Oliver He,,"Recorded as licensed cancer vaccine without reference. Based on the vaccine name, it is not correct, see term:VO:0004719.",,,,true,http://purl.obolibrary.org/obo/IAO_0000103,
VO:0002817,class,obsolete B. melitensis omp31 mutant vaccine,,,,,Rebecca Racz|Oliver He,,A omp31 mutant in Brucella melitensis was attenuated and provided protection against challenge in mice,,,,true,http://purl.obolibrary.org/obo/IAO_0000227,VO:0004002
VO:0002816,class,obsolete B. melitensis omp25 mutant vaccine,,,,,Rebecca Racz|Oliver He,,A omp25 mutant is attenuated and provides protection against challenge in mice,,,,true,http://purl.obolibrary.org/obo/IAO_0000227,VO:0004001
VO:0002815,class,B. melitensis mucR mutant vaccine,,,,,Rebecca Racz|Oliver He,,A mucR mutant has a significantly reduced degree of colonization in mice and protects against wild type B. melitensis 16M,,,,true,http://purl.obolibrary.org/obo/IAO_0000227,VO:0004277