ID,LABEL,inSubset,comment,Parent,Equivalent Class,has part,has role,part of,is_manufactured_by,is_manufactured_by (name),definition,definition source,term editor,alternative label,alternative ID,seeAlso,editor note,example of usage,comment,term tracker item
ID,A rdfs:label,A http://www.geneontology.org/formats/oboInOwl#inSubset,,C %,EC %,C 'has part' some % SPLIT=|,C 'has role' some % SPLIT=|,C 'part of' some % SPLIT=|,C is_manufactured_by value % SPLIT=|,,A definition,A definition source SPLIT=|,A term editor SPLIT=|,A alternative label SPLIT=|,A http://www.geneontology.org/formats/oboInOwl#hasAlternativeId SPLIT=|,A rdfs:seeAlso SPLIT=|,A editor note SPLIT=|,A example of usage SPLIT=|,A rdfs:comment SPLIT=|,A term tracker item SPLIT=|
VO:0004888,meningococcal group A polysaccharide,vaccine component,RxNorm,vaccine antigen,,,,,,,,http://purl.bioontology.org/ontology/RXNORM/29501,,,,,,,"CUI: C0065942|RXAUI: 436468, 6410396, 2719265, 5945192|TUI: T200",
VO:0004859,meningococcal group C polysaccharide,vaccine component,RxNorm,vaccine antigen,,,,,,,,http://purl.bioontology.org/ontology/RXNORM/29503,"Kallan Roan, Oliver He",,,,,,"CUI: C0065944|RXAUI: 436480, 5945194, 6410398|TUI: T109, T129, T121",
VO:0004208,BACILLUS ANTHRACIS STRAIN V770-NP1-R ANTIGENS,vaccine component,RxNorm,vaccine antigen,,,,,,,,http://purl.bioontology.org/ontology/RXNORM/1368371,"Kallan Roan, Oliver He",,,,,,"CUI: C3535682|RXAUI: 5068281|TUI: T116, T129, T121",
VO:0003366,Neisseria meningitidis serogroup B recombinant LP2086 A05 protein variant antigen,vaccine component,RxNorm not in OMOP,Neisseria meningitidis vaccine antigen,,,,,,,,http://purl.bioontology.org/ontology/RXNORM/1593127,"Khadeejah Khan, Oliver He",,,,,,,
VO:0003360,Neisseria meningitidis serogroup B recombinant FHBP fusion protein antigen,vaccine component,RxNorm not in OMOP,Neisseria meningitidis vaccine antigen,,,,,,,,http://purl.bioontology.org/ontology/RXNORM/1601231,"Khadeejah Khan, Oliver He",,,,,,,
VO:0003370,Neisseria meningitidis serogroup B recombinant NADA fusion protein antigen,vaccine component,RxNorm not in OMOP,Neisseria meningitidis vaccine antigen,,,,,,,,http://purl.bioontology.org/ontology/RXNORM/1601232,"Khadeejah Khan, Oliver He",,,,,,,
VO:0003362,Neisseria meningitidis serogroup B recombinant NHBA fusion protein antigen,vaccine component,RxNorm not in OMOP,Neisseria meningitidis vaccine antigen,,,,,,,,http://purl.bioontology.org/ontology/RXNORM/1601233,"Khadeejah Khan, Oliver He",,,,,,,
VO:0003477,influenza A virus A/Brisbane/10/2010 (H1N1) antigen,vaccine component,RxNorm not in OMOP,Influenza A virus (H1N1) antigen,,,,,,,,http://purl.bioontology.org/ontology/RXNORM/1657127,"Khadeejah Khan, Oliver He",,,,,,,
VO:0015084,Influenza A virus (H1N1) antigen,vaccine component,RxNorm,vaccine antigen,,,,,,,,http://purl.bioontology.org/ontology/RXNORM/1657128,"Khadeejah Khan, Oliver He",,,,,,,
VO:0003475,influenza A virus A/South Australia/55/2014 (H3N2) antigen,vaccine component,RxNorm not in OMOP,influenza A virus (H3N2) antigen,,,,,,,,http://purl.bioontology.org/ontology/RXNORM/1657130,"Khadeejah Khan, Oliver He",,,,,,,
VO:0015085,influenza A virus (H3N2) antigen,vaccine component,RxNorm,vaccine antigen,,,,,,,,http://purl.bioontology.org/ontology/RXNORM/1657131,"Khadeejah Khan, Oliver He",,,,,,,
VO:0003486,influenza B virus B/Utah/9/2014 antigen,vaccine component,RxNorm not in OMOP,influenza B virus antigen,,,,,,,,http://purl.bioontology.org/ontology/RXNORM/1657133,"Khadeejah Khan, Oliver He",,,,,,,
VO:0015086,influenza B virus antigen,vaccine component,RxNorm,vaccine antigen,,,,,,,,http://purl.bioontology.org/ontology/RXNORM/1657134,"Khadeejah Khan, Oliver He",,,,,,,
VO:0003453,influenza A virus A/Christchurch/16/2010 (H1N1) antigen,vaccine component,RxNorm not in OMOP,Influenza A virus (H1N1) antigen,,,,,,,,http://purl.bioontology.org/ontology/RXNORM/1657222,"Khadeejah Khan, Oliver He",,,,,,,
VO:0003470,influenza A virus A/Switzerland/9715293/2013 (H3N2) antigen,vaccine component,RxNorm not in OMOP,influenza A virus (H3N2) antigen,,,,,,,,http://purl.bioontology.org/ontology/RXNORM/1657224,"Khadeejah Khan, Oliver He",,,,,,,
VO:0003479,influenza B virus B/Brisbane/60/2008 antigen,vaccine component,RxNorm not in OMOP,influenza B virus antigen,,,,,,,,http://purl.bioontology.org/ontology/RXNORM/1657226|https://www.fludb.org/brc/fluStrainDetails.spg?strainName=B/Brisbane/60/2008&decorator=influenza,"Khadeejah Khan, Oliver He",,,,,,,
VO:0003488,influenza B virus B/Phuket/3073/2013 antigen,vaccine component,RxNorm not in OMOP,influenza B virus antigen,,,,,,,,http://purl.bioontology.org/ontology/RXNORM/1657228,"Khadeejah Khan, Oliver He",,,,,,,
VO:0000200,influenza A virus A/California/7/2009 (H1N1) antigen,vaccine component,RxNorm not in OMOP,Influenza A virus (H1N1) antigen,,,,,,,,http://purl.bioontology.org/ontology/RXNORM/1657331,"Khadeejah Khan, Oliver He",,,,,,,
VO:0003804,influenza A virus A/Bolivia/559/2013 (H1N1) antigen,vaccine component,RxNorm not in OMOP,Influenza A virus (H1N1) antigen,,,,,,,,http://purl.bioontology.org/ontology/RXNORM/1664639,,,,,,,"CUI: C4026651|RXAUI: 7266972|TUI: T116, T129, T121",
VO:0003914,influenza B virus B/Brisbane/9/2014 antigen,vaccine component,RxNorm not in OMOP,influenza B virus antigen,,,,,,,,http://purl.bioontology.org/ontology/RXNORM/1723997,"Kallan Roan, Oliver He",,,,,,"CUI: C4059934|RXAUI: 7710856|TUI: T116, T129, T121",
VO:0003599,influenza A virus A/Hong Kong/4801/2014 (H3N2) antigen,vaccine component,RxNorm not in OMOP,influenza A virus (H3N2) antigen,,,,,,,,http://purl.bioontology.org/ontology/RXNORM/1794331,"Kallan Roan, Oliver He",,,,,,"CUI: C4256803|RXAUI: 8222490|TUI: T116, T129, T121",
VO:0003789,influenza B virus B/Hong Kong/259/2010 antigen,vaccine component,RxNorm not in OMOP,influenza B virus antigen,,,,,,,,http://purl.bioontology.org/ontology/RXNORM/1801603,"Kallan Roan, Oliver He",,,,,,"CUI: C4276030|RXAUI: 8238449|TUI: T116, T129, T121",
VO:0003811,influenza A virus A/New Caledonia/71/2014 (H3N2) antigen,vaccine component,RxNorm not in OMOP,influenza A virus (H3N2) antigen,,,,,,,,http://purl.bioontology.org/ontology/RXNORM/1801767,"Kallan Roan, Oliver He",,,,,,"CUI: C4276025|RXAUI: 8238906|TUI: T116, T129, T121",
VO:0003955,vibrio cholerae CVD 103-HGR strain live antigen,vaccine component,RxNorm,vaccine antigen,,,,,,,,http://purl.bioontology.org/ontology/RXNORM/1812935,"Kallan Roan, Oliver He",,,,,,"CUI: C4291328|RXAUI: 8262960|TUI: T116, T129, T121",
VO:0003600,influenza A virus A/Michigan/45/2015 (H1N1) antigen,vaccine component,RxNorm not in OMOP,Influenza A virus (H1N1) antigen,,,,,,,,http://purl.bioontology.org/ontology/RXNORM/1928289,"Kallan Roan, Oliver He",,,,,,"CUI: C4490394|RXAUI: 9198755|TUI: T116, T129, T121",
VO:0003713,influenza A virus A/Singapore/GP1908/2015 (H1N1) antigen,vaccine component,RxNorm not in OMOP,Influenza A virus (H1N1) antigen,,,,,,,,http://purl.bioontology.org/ontology/RXNORM/1928290,"Kallan Roan, Oliver He",,,,,,"CUI: C4490395|RXAUI: 9198756|TUI: T116, T129, T121",
VO:0003818,influenza A virus A/Slovenia/2903/2015 (H1N1) antigen,vaccine component,RxNorm not in OMOP,Influenza A virus (H1N1) antigen,,,,,,,,http://purl.bioontology.org/ontology/RXNORM/1946964,"Kallan Roan, Oliver He",,,,,,"CUI: C4522494|RXAUI: 9278618|TUI: T116, T129, T121",
VO:0003602,influenza B virus B/Maryland/15/2016 antigen,vaccine component,RxNorm not in OMOP,influenza B virus antigen,,,,,,,,http://purl.bioontology.org/ontology/RXNORM/2048563,"Kallan Roan, Oliver He",,,,,,"CUI: C4704007|RXAUI: 10279284|TUI: T116, T129, T121",
VO:0003601,influenza A virus A/Singapore/INFIMH-16-0019/2016 (H3N2) antigen,vaccine component,RxNorm not in OMOP,influenza A virus (H3N2) antigen,,,,,,,,http://purl.bioontology.org/ontology/RXNORM/2048564,"Kallan Roan, Oliver He",,,,,,"CUI: C4704008|RXAUI: 10279285|TUI: T116, T129, T121",
VO:0003821,influenza B virus B/Colorado/06/2017 antigen,vaccine component,RxNorm not in OMOP,influenza B virus antigen,,,,,,,,http://purl.bioontology.org/ontology/RXNORM/2054177,"Kallan Roan, Oliver He",,,,,,"CUI: C4719701|RXAUI: 10329696|TUI: T116, T129, T121",
VO:0000000,part of pathogen organism in vaccine,vaccine component,,pathogen organism component in vaccine,'pathogen organism component in vaccine' and ('part of' some organism),,,organism,,,A pathogen component in vaccine that contains only a part of the pathogen organism instead of the whole organism.,,YH,,,,,,,
VO:0000019,pVAX DNA vaccine plasmid,vaccine component,,DNA vaccine plasmid vector,,,,,VO:0000023,Invitrogen,,,"YH, ZX",,,,,,,
VO:0000020,Brucella abortus strain RB51 vaccine vector,vaccine component,,bacterial vaccine vector,,,,,,,A bacterial vaccine vector that uses B. abortus vaccine strain RB51 as the vector.,,YH,,,,,,,
VO:0000024,pVAX1 DNA vaccine plasmid,vaccine component,,DNA vaccine plasmid vector,,,,,VO:0000023,Invitrogen,,,"YH, ZX",,,,,,,
VO:0000026,pCMV4 DNA vaccine plasmid,vaccine component,,DNA vaccine plasmid vector,,,,,VO:0000023,Invitrogen,,,"YH, ZX",,VO:0000217,,,,,
VO:0000027,pAp031 DNA vaccine plasmid,vaccine component,,DNA vaccine plasmid vector,,,,,VO:0000023,Invitrogen,,,"YH, ZX",,,,,,,
VO:0000039,pBacPAK9 DNA vaccine plasmid,vaccine component,,DNA vaccine plasmid vector,,,,,VO:0000023,Invitrogen,,,"YH, ZX",,,,,,,
VO:0000040,pBC12/CMV DNA vaccine plasmid,vaccine component,,DNA vaccine plasmid vector,,,,,VO:0000023,Invitrogen,,,"YH, ZX",,,,,,,
VO:0000042,pBHT DNA vaccine plasmid,vaccine component,,DNA vaccine plasmid vector,,,,,VO:0000023,Invitrogen,,,"YH, ZX",,,,,,,
VO:0000050,HIV based lentivirus vaccine vector,vaccine component,,lentivirus vaccine vector,,,,,,,a lentivirus vaccine vector that uses a HIV strain as the vector,,YH,,,,,,,
VO:0000068,Listeria monocytogenes vaccine vector,vaccine component,,bacterial vaccine vector,,,,,,,a bacterial vaccine vector that uses L. moncytogenes as the vector.,,YH,,,NCBI Taxonomy ID: 1639,,,,
VO:0000075,pBI/tTA DNA vaccine plasmid,vaccine component,,DNA vaccine plasmid vector,,,,,VO:0000023,Invitrogen,,,"YH, ZX",,,,,,,
VO:0000076,pBISIA DNA vaccine plasmid,vaccine component,,DNA vaccine plasmid vector,,,,,VO:0000023,Invitrogen,,,"YH, ZX",,,,,,,
VO:0000080,pBK-SFV DNA vaccine plasmid,vaccine component,,DNA vaccine plasmid vector,,,,,VO:0000023,Invitrogen,,,"YH, ZX",,,,,,,
VO:0000086,pBudCE4.1 DNA vaccine plasmid,vaccine component,,DNA vaccine plasmid vector,,,,,VO:0000023,Invitrogen,,,"YH, ZX",,,,,,,
VO:0000098,SIV based lentivirus vaccine vector,vaccine component,,lentivirus vaccine vector,,,,,,,a lentivirus vaccine vector that uses a SIV strain as the vector,,YH,,,NCBI Taxonomy ID: 11723,,,,
VO:0000099,Pcaggs DNA vaccine plasmid,vaccine component,,DNA vaccine plasmid vector,,,,,VO:0000023,Invitrogen,,,"YH, ZX",,,,,,,
VO:0000114,pCAGGST7 DNA vaccine plasmid,vaccine component,,DNA vaccine plasmid vector,,,,,VO:0000023,Invitrogen,,,"YH, ZX",,,,,,,
VO:0000116,pCBINT DNA vaccine plasmid,vaccine component,,DNA vaccine plasmid vector,,,,,VO:0000023,Invitrogen,,,"YH, ZX",,,,,,,
VO:0000117,pCdm7 DNA vaccine plasmid,vaccine component,,DNA vaccine plasmid vector,,,,,VO:0000023,Invitrogen,,,"YH, ZX",,,,,,,
VO:0000122,Yellow fever 17D vaccine vector,vaccine component,,viral vaccine vector,,,,,,,a viral vaccine vector that uses Yellow fever vaccine strain 17D as the vector.,PMID: 16755933,YH,,,NCBI Taxonomy ID: 11090,,,,
VO:0000130,pcDNA I/Amp DNA vaccine plasmid,vaccine component,,DNA vaccine plasmid vector,,,,,VO:0000023,Invitrogen,,,"YH, ZX",,,,,,,
VO:0000132,pcDNA3 DNA vaccine plasmid,vaccine component,,DNA vaccine plasmid vector,,,,,VO:0000023,Invitrogen,,,"YH, ZX",,,,,,,
VO:0000136,adenovirus vaccine vector,vaccine component,,viral vaccine vector,,,,,,,a viral vaccine vector that uses an adenovirus as the vector.,,YH,,,NCBI Taxonomy ID: 10508,,,,
VO:0000144,alphavirus vaccine vector,vaccine component,,viral vaccine vector,,,,,,,a viral vaccine vector that uses an alphavirus as the vector.,,YH,,,NCBI Taxonomy ID: 11019,,,,
VO:0000158,pcDNA3.1 DNA vaccine plasmid,vaccine component,,DNA vaccine plasmid vector,,,,,VO:0000023,Invitrogen,,,"YH, ZX",,,,,,,
VO:0000166,bacterial vaccine vector,vaccine component,,recombinant vaccine vector,,,,,,,a vaccine vector that uses a live bacterium as the vector ,,YH,,,NCBI Taxonomy ID: 2,,,,
VO:0000167,pcDNA3.1V5HisTOPO/TA DNA vaccine plasmid,vaccine component,,DNA vaccine plasmid vector,,,,,VO:0000023,Invitrogen,,,"YH, ZX",,,,,,,
VO:0000175,pCEP4 DNA vaccine plasmid,vaccine component,,DNA vaccine plasmid vector,,,,,VO:0000023,Invitrogen,,,"YH, ZX",,,,,,,
VO:0000179,vaccine component,vaccine component,,material entity,'material entity' and ('part of' some vaccine),,,vaccine,,,a processed material that is output of the vaccine preparation and part of a vaccine.,,YH,cardinal part of vaccine|vaccine ingredient,,,,,,
VO:0000209,pHIS64 DNA vaccine plasmid,vaccine component,,DNA vaccine plasmid vector,,,,,VO:0000023,Invitrogen,,,"YH, ZX",,,,,,,
VO:0000212,pCI DNA vaccine plasmid,vaccine component,,DNA vaccine plasmid vector,,,,,VO:0001010,Promega,a DNA vaccine plasmid that uses the plasmid labeled pCI.,WEB: http://www.ncbi.nlm.nih.gov/nuccore/5870896,"YH, ZX",,,,,,,
VO:0000214,pCI-neo DNA vaccine plasmid,vaccine component,,DNA vaccine plasmid vector,,,,,VO:0000023,Invitrogen,,,"YH, ZX",,,,,,,
VO:0000215,pCMV DNA vaccine plasmid,vaccine component,,DNA vaccine plasmid vector,,,,,VO:0000023,Invitrogen,,,"YH, ZX",,,,,,,
VO:0000216,pCMV-1 DNA vaccine plasmid,vaccine component,,DNA vaccine plasmid vector,,,,,VO:0000023,Invitrogen,,,"YH, ZX",,,,,,,
VO:0000219,vaccine solvent,vaccine component,,vaccine component,,,,,,,a vaccine component that is used to dissolve vaccine powder into liquid. The vaccine in a powder form has to be reconstituted by mixing vaccine powder with vaccine solvent before administered.,,YH,vaccine diluent|vaccine liquid diluent,,,,,,
VO:0000220,pCMVI.UBF3/2 DNA vaccine plasmid,vaccine component,,DNA vaccine plasmid vector,,,,,VO:0000023,Invitrogen,,,"YH, ZX",,,,,,,
VO:0000221,pCMV-3FUB DNA vaccine plasmid,vaccine component,,DNA vaccine plasmid vector,,,,,VO:0000023,Invitrogen,,,"YH, ZX",,,,,,,
VO:0000222,pCMV-int DNA vaccine plasmid,vaccine component,,DNA vaccine plasmid vector,,,,,VO:0000023,Invitrogen,,,"YH, ZX",,,,,,,
VO:0000223,pCMV-LacZ DNA vaccine plasmid,vaccine component,,DNA vaccine plasmid vector,,,,,VO:0000023,Invitrogen,,,"YH, ZX",,,,,,,
VO:0000228,vaccine powder,vaccine component,,vaccine component,,,,,,,a vaccine component that contains the solid form of all vaccine components. A vaccine can be reconstituted by mixing vaccine powder with vaccine solvent.,,YH,,,,,,,
VO:0000230,pCMV-LIC DNA vaccine plasmid,vaccine component,,DNA vaccine plasmid vector,,,,,VO:0000023,Invitrogen,,,"YH, ZX",,,,,,,
VO:0000231,pCMVLuc DNA vaccine plasmid,vaccine component,,DNA vaccine plasmid vector,,,,,VO:0000023,Invitrogen,,,"YH, ZX",,,,,,,
VO:0000232,pCR3 DNA vaccine plasmid,vaccine component,,DNA vaccine plasmid vector,,,,,VO:0000023,Invitrogen,,,"YH, ZX",,,,,,,
VO:0000234,pCR3.1 DNA vaccine plasmid,vaccine component,,DNA vaccine plasmid vector,,,,,VO:0000023,Invitrogen,,,"YH, ZX",,,,,,,
VO:0000236,pCR4-TOPO DNA vaccine plasmid,vaccine component,,DNA vaccine plasmid vector,,,,,VO:0000023,Invitrogen,,,"YH, ZX",,,,,,,
VO:0000250,pcREV DNA vaccine plasmid,vaccine component,,DNA vaccine plasmid vector,,,,,VO:0000023,Invitrogen,,,"YH, ZX",,,,,,,
VO:0000251,pgp.LAMP-1 DNA vaccine plasmid,vaccine component,,DNA vaccine plasmid vector,,,,,,,A DNA vaccine plasmid vector that has the plasmid label pgp.LAMP-1.  This plasmid has a CMV promoter and contains the human lysosomal-associated membrane protein-1 signal sequence.,,"Rebecca Racz, Yongqun He",,,PMID: 19356616,,,,
VO:0000252,pDRVISV1.0 DNA vaccine plasmid,vaccine component,,DNA vaccine plasmid vector,,,,,VO:0000023,Invitrogen,,,"YH, ZX",,,,,,,
VO:0000253,pECK DNA vaccine plasmid,vaccine component,,DNA vaccine plasmid vector,,,,,VO:0000023,Invitrogen,,,"YH, ZX",,,,,,,
VO:0000254,pES DNA vaccine plasmid,vaccine component,,DNA vaccine plasmid vector,,,,,,,A DNA vaccine plasmid vector that has the plasmid label pES.  This plasmid has a CMV promoter and contains a kanamycin resistance gene.,,"Rebecca Racz, Yongqun He",,,PMID: 19406186,,,,
VO:0000256,pET21a DNA vaccine plasmid,vaccine component,,DNA vaccine plasmid vector,,,,,VO:0000023,Invitrogen,,,"YH, ZX",,,,,,,
VO:0000257,pET-28a DNA vaccine plasmid,vaccine component,,DNA vaccine plasmid vector,,,,,VO:0000023,Invitrogen,,,"YH, ZX",,,,,,,
VO:0000258,pGA DNA vaccine plasmid,vaccine component,,DNA vaccine plasmid vector,,,,,VO:0000023,Invitrogen,,,"YH, ZX",,,,,,,
VO:0000259,pGEX-3X DNA vaccine plasmid,vaccine component,,DNA vaccine plasmid vector,,,,,VO:0000023,Invitrogen,,,"YH, ZX",,,,,,,
VO:0000262,pIRES DNA vaccine plasmid,vaccine component,,DNA vaccine plasmid vector,,,,,VO:0000023,Invitrogen,,,"YH, ZX",,,,,,,
VO:0000272,pIRES2 DsRed2 DNA vaccine plasmid,vaccine component,,DNA vaccine plasmid vector,,,,,VO:0000023,Invitrogen,,,"YH, ZX",,,,,,,
VO:0000274,pING DNA vaccine plasmid,vaccine component,,DNA vaccine plasmid vector,,,,,VO:0000023,Invitrogen,,,"YH, ZX",,,,,,,
VO:0000275,pJW24 DNA vaccine plasmid,vaccine component,,DNA vaccine plasmid vector,,,,,VO:0000023,Invitrogen,,,"YH, ZX",,,,,,,
VO:0000276,pJW4303 DNA vaccine plasmid,vaccine component,,DNA vaccine plasmid vector,,,,,,,,,"YH, ZX",,,,,,,
VO:0000277,pK0 DNA vaccine plasmid,vaccine component,,DNA vaccine plasmid vector,,,,,VO:0000023,Invitrogen,,,"YH, ZX",,,,,,,
VO:0000279,pK3 DNA vaccine plasmid,vaccine component,,DNA vaccine plasmid vector,,,,,VO:0000023,Invitrogen,,,"YH, ZX",,,,,,,
VO:0000280,pMV60 DNA vaccine plasmid,vaccine component,,DNA vaccine plasmid vector,,,,,VO:0000023,Invitrogen,,,"YH, ZX",,,,,,,
VO:0000282,pMAMneoBlue DNA vaccine plasmid,vaccine component,,DNA vaccine plasmid vector,,,,,VO:0000023,Invitrogen,,,"YH, ZX",,,,,,,
VO:0000283,herpesvirus vaccine vector,vaccine component,,viral vaccine vector,,,,,,,a viral vaccine vector that uses a herpesvirus as the vector.,,YH,,,NCBI Taxonomy ID: 10292,,,,
VO:0000284,pMASIA DNA vaccine plasmid,vaccine component,,DNA vaccine plasmid vector,,,,,VO:0000023,Invitrogen,,,"YH, ZX",,,,,,,
VO:0000285,pND DNA vaccine plasmid,vaccine component,,DNA vaccine plasmid vector,,,,,VO:0000023,Invitrogen,,,"YH, ZX",,,,,,,
VO:0000293,pND2 DNA vaccine plasmid,vaccine component,,DNA vaccine plasmid vector,,,,,VO:0000023,Invitrogen,,,"YH, ZX",,,,,,,
VO:0000294,pNGVL DNA vaccine plasmid,vaccine component,,DNA vaccine plasmid vector,,,,,VO:0000023,Invitrogen,,,"YH, ZX",,,,,,,
VO:0000297,pNL3-gal DNA vaccine plasmid,vaccine component,,DNA vaccine plasmid vector,,,,,VO:0000023,Invitrogen,,,"YH, ZX",,,,,,,
VO:0000298,pN4a-gal DNA vaccine plasmid,vaccine component,,DNA vaccine plasmid vector,,,,,VO:0000023,Invitrogen,,,"YH, ZX",,,,,,,
VO:0000301,pRc/CMV DNA vaccine plasmid,vaccine component,,DNA vaccine plasmid vector,,,,,VO:0000023,Invitrogen,,,"YH, ZX",,,,,,,
VO:0000302,pRc/CMV2 DNA vaccine plasmid,vaccine component,,DNA vaccine plasmid vector,,,,,VO:0000023,Invitrogen,,,"YH, ZX",,,,,,,
VO:0000304,pRK DNA vaccine plasmid,vaccine component,,DNA vaccine plasmid vector,,,,,VO:0000023,Invitrogen,,,"YH, ZX",,,,,,,
VO:0000305,pRSV DNA vaccine plasmid,vaccine component,,DNA vaccine plasmid vector,,,,,VO:0000023,Invitrogen,,,"YH, ZX",,,,,,,
VO:0000306,pRSV0 DNA vaccine plasmid,vaccine component,,DNA vaccine plasmid vector,,,,,VO:0000023,Invitrogen,,,"YH, ZX",,,,,,,
VO:0000310,vaccine emulsifier,vaccine component,,vaccine component,'vaccine component' and ('has role' some 'vaccine emulsifier role'),,vaccine emulsifier role,,,,a vaccine additive that stabilizes the vaccine emulsification manufacturing process and makes emulsion of the vaccine easier. ,WEB: http://www.ncbi.nlm.nih.gov/pubmed/16337664,"YH, YL",,,,,,"Emulsifiers help bind ingredients together and keep them from separating, most commonly with oil and water. An emulsifier is also a surfactant that reduces the surface tension of a liquid and results in an easier, smoother spread. Reference: http://www.wisegeek.org/what-is-polysorbate-80.htm",
VO:0000313,pSC65 DNA vaccine plasmid,vaccine component,,DNA vaccine plasmid vector,,,,,VO:0000023,Invitrogen,,,"YH, ZX",,,,,,,
VO:0000314,pSG2 DNA vaccine plasmid,vaccine component,,DNA vaccine plasmid vector,,,,,VO:0000023,Invitrogen,,,"YH, ZX",,,,,,,
VO:0000316,pSG5 DNA vaccine plasmid,vaccine component,,DNA vaccine plasmid vector,,,,,VO:0000023,Invitrogen,,,"YH, ZX",,,,,,,
VO:0000317,Psin DNA vaccine plasmid,vaccine component,,DNA vaccine plasmid vector,,,,,VO:0000023,Invitrogen,,,"YH, ZX",,,,,,,
VO:0000318,pTARGET DNA vaccine plasmid,vaccine component,,DNA vaccine plasmid vector,,,,,VO:0000023,Invitrogen,,,"YH, ZX",,,,,,,
VO:0000319,pTH DNA vaccine plasmid,vaccine component,,DNA vaccine plasmid vector,,,,,VO:0000023,Invitrogen,,,"YH, ZX",,,,,,,
VO:0000320,pTHamp DNA vaccine plasmid,vaccine component,,DNA vaccine plasmid vector,,,,,VO:0000023,Invitrogen,,,"YH, ZX",,,,,,,
VO:0000322,pTR600 DNA vaccine plasmid,vaccine component,,DNA vaccine plasmid vector,,,,,VO:0000023,Invitrogen,,,"YH, ZX",,,,,,,
VO:0000324,pTVG4 DNA vaccine plasmid,vaccine component,,DNA vaccine plasmid vector,,,,,VO:0000023,Invitrogen,,,"YH, ZX",,,,,,,
VO:0000326,pUC18 DNA vaccine plasmid,vaccine component,,DNA vaccine plasmid vector,,,,,VO:0000023,Invitrogen,,,"YH, ZX",,,,,,,
VO:0000327,pUC19 DNA vaccine plasmid,vaccine component,,DNA vaccine plasmid vector,,,,,VO:0000023,Invitrogen,,,"YH, ZX",,,,,,,
VO:0000328,pV1J DNA vaccine plasmid,vaccine component,,DNA vaccine plasmid vector,,,,,VO:0000023,Invitrogen,,,"YH, ZX",,,,,,,
VO:0000331,pVCL(pCXN2-mVIN) DNA vaccine plasmid,vaccine component,,DNA vaccine plasmid vector,,,,,VO:0000023,Invitrogen,,,"YH, ZX",,,,,,,
VO:0000334,pVR1012 DNA vaccine plasmid,vaccine component,,DNA vaccine plasmid vector,,,,,VO:0000023,Invitrogen,,,"YH, ZX",,,,,,,
VO:0000336,pVR1012x/s DNA vaccine plasmid,vaccine component,,DNA vaccine plasmid vector,,,,,VO:0000023,Invitrogen,,,"YH, ZX",,,,,,,
VO:0000337,pWRG1644 DNA vaccine plasmid,vaccine component,,DNA vaccine plasmid vector,,,,,VO:0000023,Invitrogen,,,"YH, ZX",,,,,,,
VO:0000346,pWRG7077 DNA vaccine plasmid,vaccine component,,DNA vaccine plasmid vector,,,,,VO:0000023,Invitrogen,,,"YH, ZX",,,,,,,
VO:0000353,pWRM DNA vaccine plasmid,vaccine component,,DNA vaccine plasmid vector,,,,,VO:0000023,Invitrogen,,,"YH, ZX",,,,,,,
VO:0000355,pzz DNA vaccine plasmid,vaccine component,,DNA vaccine plasmid vector,,,,,VO:0000023,Invitrogen,,,"YH, ZX",,,,,,,
VO:0000356,pME18100 DNA vaccine plasmid,vaccine component,,DNA vaccine plasmid vector,,,,,VO:0000023,Invitrogen,,,"YH, ZX",,,,,,,
VO:0000357,pVIVO2 DNA vaccine plasmid,vaccine component,,DNA vaccine plasmid vector,,,,,VO:0000023,Invitrogen,,,"YH, ZX",,,,,,,
VO:0000359,lentivirus vaccine vector,vaccine component,,viral vaccine vector,,,,,,,a viral vaccine vector that uses a lentivirus as the vector.,,YH,,,NCBI Taxonomy ID: 11646,,,,
VO:0000360,pcDNA1.1/Amp DNA vaccine plasmid,vaccine component,,DNA vaccine plasmid vector,,,,,VO:0000023,Invitrogen,,,"YH, ZX",,,,,,,
VO:0000364,pRK7 DNA vaccine plasmid,vaccine component,,DNA vaccine plasmid vector,,,,,VO:0000023,Invitrogen,,,"YH, ZX",,,,,,,
VO:0000365,lipopolysaccharide of pathogen organism as vaccine component,vaccine component,,part of pathogen organism in vaccine,,,,,,,,,YH,,,,,,,
VO:0000420,pathogen organism component in vaccine,vaccine component,,vaccine component,'vaccine component' and (organism or ('part of' some organism)),,,,,,a vaccine component that originates from an organism such as a pathogen or a modified organism.,,YH,,,,,,,
VO:0000435,DNA vaccine plasmid vector,vaccine component,,vaccine component,,,,,,,a vaccine component that is composed of a plasmid and used in the generation of a DNA vaccine. ,,YH,,,,,,,
VO:0000447,poxvirus vaccine vector,vaccine component,,viral vaccine vector,,,,,,,a viral vaccine vector that uses an poxvirus as the vector.,,YH,,,NCBI Taxonomy ID: 10240,,,,
VO:0000464,protein of pathogen organism as vaccine component,vaccine component,,part of pathogen organism in vaccine,,,,,,,,,YH,,,,,,,
VO:0000571,AAV vaccine vector,vaccine component,,viral vaccine vector,,,,,,,a viral vaccine vector that uses an AAV virus as the vector.,PMID: 24702846; PMID: 24568220; PMID: 24660751; PMID: 24849042; PMID: 24742767; PMID: 24827459,"Yongqun He, Shunzhou Deng",Adeno-associated virus vector,,NCBI Taxonomy ID: 272636,,,,
VO:0000576,thimerosal vaccine preservative,vaccine component,,vaccine preservative,,thimerosal,,,,,vaccine preservative that has thimerosal as part.,,YH,,,,,,,
VO:0000599,recombinant vaccine vector,vaccine component,,vaccine component,'vaccine component' and ('has role' some 'recombinant vaccine vector role'),,recombinant vaccine vector role,,,,,WEB: http://en.wikipedia.org/wiki/Vaccine|WEB: http://www.biosafety.be/GT/Regulatory/Veterinary_vaccines/EMEA_000404en.pdf|WEB: http://www.ema.europa.eu/docs/en_GB/document_library/Scientific_guideline/2009/09/WC500003856.pdf,YH,recombinant vector,,,"a vaccine component that uses a microbe (e.g., bacterium, virus, and parasitic organism) as a vector that is inserted with the DNA(s) of a heterologous protective antigen(s) to generate a ""recombinant vector vaccine"". The microorganism used as a vector generally has a stable non or low pathogenic phenotype for the species the vaccine is intended for. ",,,
VO:0000600,vaccinia virus vector,vaccine component,,Orthopoxvirus vaccine vector,,,,,,,an orthopoxvirus vaccine vector that uses vaccinia virus as the vector,,YH,,,NCBI Taxonomy ID: 10245,,,,
VO:0000610,viral vaccine vector,vaccine component,,recombinant vaccine vector,,,,,,,a vaccine vector that uses a virus as the vector.,,YH,,,NCBI Taxonomy ID: 10239,,,,
VO:0000704,antibiotics vaccine residual,vaccine component,,vaccine residual,,,,,,,a vaccine residual that is from antibiotics used during the manufacture process.,,"YL, YH",,,,,,,
VO:0000810,pSCAR DNA vaccine plasmid,vaccine component,,DNA vaccine plasmid vector,,,,,,,A DNA vaccine plasmid vector that has the plasmid label pSCAR . CMV promotor is used.,,"Rebecca Racz, Yongqun He",,,PMID: 18022294; PMID: 19712769.,,,,
VO:0000850,vaccine additive,vaccine component,,vaccine component,'vaccine component' and ('has role' some 'vaccine additive role'),,vaccine additive role,,,,"a vaccine component that is added to the immunogen by the vaccine manufacturer for a specific purpose. Additives include adjuvants, preservatives and stablizers, as well as materials that are added to affect pH and isotonicity.","Finn TM and Egan W, in Vaccines fifth edition, 2008. Page 73.",YH,,,,,,,
VO:0000851,vaccine preservative,vaccine component,,vaccine component,'vaccine component' and ('has role' some 'vaccine preservative role'),,vaccine preservative role,,,,"vaccine preservative is an vaccine additive that is added to a vaccine formulation to prevent the growth of bacteria or fungi that inadvertently may be introduced into the vaccine during use.
Ref: Finn TM and Egan W, in Vaccines fifth edition, 2008. Page 73.",,YH,antimicrobial agent in vaccine,,,,,,
VO:0000853,vaccine stabilizer,vaccine component,,vaccine component,'vaccine component' and ('has role' some 'vaccine stabilizer role'),,vaccine stabilizer role,,,,a vaccine additive that helps to protect the vaccine from adverse conditions such as the freeze-drying process (for those vaccines that are freeze-dried) or heat.,"Finn TM and Egan W, in Vaccines fifth edition, 2008. Page 75.",YH,,,,,,,
VO:0000854,vaccine residual,vaccine component,,vaccine component,,,,,,,a vaccine component that remains from the vaccine manufacturing process.,"Finn TM and Egan W, in Vaccines fifth edition, 2008. Page 73.",YH,,,,"Although no all manufacturing residuals may be identified and quantified, their presence and quantity is assumed to be constant because of the constancy of the manufacturing process.",,,
VO:0000855,inactivation residual in vaccine,vaccine component,,vaccine residual,,,,,,,"a vaccine residual that is used to inactivate bacteria and viruses or to detoxify bacterial toxins. For example, formaldehyde is a frequently used inactivation agent in vaccine preparation.","Finn TM and Egan W, in Vaccines fifth edition, 2008. Page 78.",YH,,,,,,,
VO:0000856,cell culture residual in vaccine,vaccine component,,vaccine residual,,,,,,,"a vaccine residual that is generatead from cell culture for vaccine preparation. Examples include: antibiotics, sensitizing substances, bacterial and cellular residuals, and adventitious agents.","Finn TM and Egan W, in Vaccines fifth edition, 2008. Page 78-81.",YH,,,,,,,
VO:0000888,phenol vaccine preservative,vaccine component,,vaccine preservative,,,,,,,,,YH,,,,,,,
VO:0000891,phenoxy ethanol vaccine preservative,vaccine component,,vaccine preservative,,,vaccine preservative role,,,,,,YH,,,,,,,
VO:0000919,vaccine antigen,vaccine component,,vaccine component,'vaccine component' and ('has role' some 'antigen role'),,antigen role,,,,the vaccine component that is used as antigen to produce an immune responce protect against the specific pathogen or disease.,,"YL, YH",vaccine antigenic component,,,"This is a modified or partial form of the virus, bacteria or the toxin that causes the disease against which the vaccine protects. The vaccine antigen is altered from its original form so it no longer causes disease but it can produce an immune response.(Vaccine components FactSheet of NCIRS)",,To create this term for cover some other vaccines such as cancer vaccine and so on.,
VO:0000920,bovine albumin cell culture residual in vaccine,vaccine component,,cell culture residual in vaccine,,,,,,,a cell culture residual in vaccine that is bovine albumin.,,"YH, ZX",,,,,,,
VO:0000921,bovine serum cell culture residual in vaccine,vaccine component,,cell culture residual in vaccine,,,,,,,a cell culture residual in vaccine that is bovine serum.,,YH,,,,,,,
VO:0000922,monosodium glutamate stabliizer,vaccine component,,amino acid vaccine stabilizer,,monosodium glutamate,,,,,a vaccine stablizer that is based on monosodium glutamate. ,,"YL,YH",C5H8NNaO4,,,,,http://www.novaccine.com/vaccine-ingredients/results.asp?sc=13,
VO:0000924,glutaraldehyde vaccine additive,vaccine component,,vaccine preservative,,,vaccine preservative role,,,,,,,,,,,,,
VO:0000926,human albumin cell culture residual in vaccine,vaccine component,,cell culture residual in vaccine,,,,,,,a cell culture residual in vaccine that is human albumin.,,YH,,,,,,,
VO:0000927,human serum cell culture residual in vaccine,vaccine component,,cell culture residual in vaccine,,,,,,,a cell culture residual in vaccine that is human serum.,,YH,,,,,,,
VO:0000929,polysorbate 20 vaccine stabilizer,vaccine component,,vaccine stabilizer,,,vaccine stabilizer role,,,,a vaccine stabilizer that is a polysorbate 20. It encourages the suspension of one liquid in another and has mild toxicity.,,"YH, YL",,,,,,"Potential Acute Health Effects: Slightly hazardous in case of skin contact (irritant), of eye contact (irritant), of ingestion, of inhalation. Reference: http://www.sciencelab.com/msds.php?msdsId=9926640 |http://www.novaccine.com/vaccine-ingredients/results.asp?sc=95",
VO:0000930,polysorbate 80 vaccine emulsifier,vaccine component,,vaccine emulsifier,,,,,,,"a vaccine emulsifier that uses polysorbate 80, also known as polyoxyethylene sorbitan monooleate or Tween(TM) 80.",WEB: http://www.wisegeek.org/what-is-polysorbate-80.htm,"YH,YL",Tween 80 vaccine emulsifier,,,,,"Tween 80 is an amber-colored, viscous liquid with a slightly bitter taste. The product is a derivative of sorbitol and oleic acid.",
VO:0000931,vaccine residual protein from cell culture,vaccine component,,cell culture residual in vaccine,,,,,,,a cell culture residual in vaccine that is residual protein from cell culture. ,,YH,,,,,,,
VO:0000934,sorbitol vaccine stabilizer,vaccine component,,sugar vaccine stabilizer,,glucitol,,,,,a vaccine stabilizer that is specifically made by sorbitol.,,"YH, YL",glucitol,,,,,"Sorbitol, also known as glucitol, is a sugar alcohol that the human body metabolizes slowly. It can be obtained by reduction of glucose, changing the aldehyde group to a hydroxyl group. Sorbitol is found in apples, pears, peaches, and prunes. It is synthesized by sorbitol-6-phosphate dehydrogenase, and converted to fructose by succinate dehydrogenase and sorbitol dehydrogenase. Succinate dehydrogenase is an enzyme complex that participates in the citric acid cycle. (wikipedia)",
VO:0000937,sucrose albumin cell culture residual in vaccine,vaccine component,,cell culture residual in vaccine,,,,,,,a cell culture residual in vaccine that is sucrose albumin.,,YH,,,,,,,
VO:0000939,yeast extract cell culture residual in vaccine,vaccine component,,cell culture residual in vaccine,,,,,,,a cell culture residual in vaccine that is from yeast extract.,,YH,,,,,,,
VO:0000940,yeast protein cell culture residual in vaccine,vaccine component,,cell culture residual in vaccine,,,,,,,a cell culture residual in vaccine that is yeast protein.,,YH,,,,,,,
VO:0000968,pBLUESCRIPT DNA vaccine plasmid,vaccine component,,DNA vaccine plasmid vector,,,,,,,A DNA vaccine plasmid vector that has the plasmid label pBLUESCRIPT.,Davidson College - pBLUESCRIPT: Plasmids and Phages Combine For pBluescript [http://www.bio.davidson.edu/Courses/Molbio/MolStudents/spring2003/Keogh/plasmids.html],"Rebecca Racz, Yongqun He",,,DNAVaxDB Plasmid ID: 180,,,"Derived from pUC vectors; cross between phages and plasmids and therefore in a special category called ""phagemids"" (Davidson College - pBLUESCRIPT)|The plasmid length is: 2961",
VO:0000969,nkCMVint DNA vaccine plasmid,vaccine component,,DNA vaccine plasmid vector,,,,,VO:0001006,"Vical, Inc.",A DNA vaccine plasmid vector that has the plasmid label nkCMVint.,,"Rebecca Racz, Yongqun He",,,DNAVaxDB Plasmid ID: 181|PMID: 9234529,,,A pUC-18-based plasmid; also contains intron A and an SV40 polyadenylation termination signal sequence. It has a CMV promoter.,
VO:0000991,pDONR221 DNA vaccine plasmid,vaccine component,,DNA vaccine plasmid vector,,,,,,,A DNA vaccine plasmid vector that has the plasmid label pDONR221. The plasmid length is 4762.,Addgene: http://www.addgene.org/vector-database/2394/|Invitrogen: http://tools.invitrogen.com/content/sfs/manuals/gateway_pdonr_vectors.pdf|pDONR221 Sequence: http://tools.invitrogen.com/content/sfs/vectors/pdonr221_seq.txt,"Rebecca Racz, Yongqun He",,,,,,,
VO:0000992,pCN3 DNA vaccine plasmid,vaccine component,,DNA vaccine plasmid vector,,,,,,,A DNA vaccine plasmid vector that has the plasmid label pCN3. The plasmid promoter is CMV.,,"Rebecca Racz, Yongqun He",,,PMID: 19596416; PMID: 21059395.,,,,
VO:0000993,V1R DNA vaccine plasmid,vaccine component,,DNA vaccine plasmid vector,,,,,,,A DNA vaccine plasmid vector that has the plasmid label V1R.,,"Rebecca Racz, Yongqun He",,,PMID:  11797011; PMID: 15258286,,,,
VO:0000995,pVAC1 3.0 DNA vaccine plasmid,vaccine component,,DNA vaccine plasmid vector,,,,,,,A DNA vaccine plasmid vector that has the plasmid label pVAC1 3.0. The manufacturer is Invitrogen.,,"Rebecca Racz, Yongqun He",,,PMID: 20884037,,,,
VO:0000997,pSin-CMV-Vac DNA vaccine plasmid,vaccine component,,DNA vaccine plasmid vector,,,,,,,A DNA vaccine plasmid vector that has the plasmid label pSin-CMV-Vac. The promoter is CMV.,,"Rebecca Racz, Yongqun He",,,PMID: 22702835; PMID: 23637502,,,,
VO:0000998,pGACAG DNA vaccine plasmid,vaccine component,,DNA vaccine plasmid vector,,,,,,,A DNA vaccine plasmid vector that has the plasmid label pGACAG. The promoter is CAG and the antibiotics resistance gene is kanamycin.,,"Rebecca Racz, Yongqun He",,,PMID: 17203206,,,,
VO:0000999,pVCL1012 DNA vaccine plasmid,vaccine component,,DNA vaccine plasmid vector,,,,,,,A DNA vaccine plasmid vector that has the plasmid label pVCL1012. The promoter is HCMV and the manufacturer is Vical Inc.,,"Rebecca Racz, Yongqun He",,,PMID: 15652666,,,,
VO:0001000,pSCA1 DNA vaccine plasmid,vaccine component,,DNA vaccine plasmid vector,,,,,,,A DNA vaccine plasmid vector that has the plasmid label pSCA1.,,"Rebecca Racz, Yongqun He",,,PMID: 22819169,,,,
VO:0001002,phCMV1 DNA vaccine plasmid,vaccine component,,DNA vaccine plasmid vector,,,,,,,"A DNA vaccine plasmid vector that has the plasmid label phCMV1.  This plasmid is 4200 base pairs long, has a CMV promoter, contains kanamycin and neomycin antibiotics resistance genes, and is manufactured by Genlantis.",WEB: http://www.genlantis.com/faq-phcmv.html,"Rebecca Racz, Yongqun He",,,PMID: 19540885,,,,
VO:0001003,pCJ-3 DNA vaccine plasmid,vaccine component,,DNA vaccine plasmid vector,,,,,,,A DNA vaccine plasmid vector that has the plasmid label pCJ-3.  This plasmid has a CMV promoter and a kanamycin resistance gene.,,"Rebecca Racz, Yongqun He",,,PMID: 16949850,,,,
VO:0001004,pcDNA3.1/V5-His DNA vaccine plasmid,vaccine component,,DNA vaccine plasmid vector,,,,,VO:0000023,Invitrogen,A DNA vaccine plasmid vector that has the plasmid label pcDNA3.1/V5-His.  This plasmid has a CMV promoter.,,"Rebecca Racz, Yongqun He",,,PMID: 22445688,,,,
VO:0001005,pSecTag2 C DNA vaccine plasmid,vaccine component,,DNA vaccine plasmid vector,,,,,VO:0000023,Invitrogen,"A DNA vaccine plasmid vector that has the plasmid label pSecTag2 C.  This plasmid is 5167 base pairs long, has a CMV promoter and ampicillin and zeocin resistance genes.",WEB: http://tools.invitrogen.com/content/sfs/manuals/psectag2_man.pdf,"Rebecca Racz, Yongqun He",,,,,,,
VO:0001007,pBC12/CMV/IL-2 DNA vaccine plasmid,vaccine component,,DNA vaccine plasmid vector,,,,,VO:0001006,"Vical, Inc.",A DNA vaccine plasmid vector that has the plasmid label pBC12/CMV/IL-2.,NIH AIDS Reagent Program - pBC12/CMV/IL-2: [https://www.aidsreagent.org/reagentdetail.cfm?t=expression_vectors&id=159],"Rebecca Racz, Yongqun He",,,DNAVaxDB Plasmid ID: 182,,,Derived from plasmid pBC12/CMV; expresses IL-2 (NIH AIDS Reagent Program - pBC12/CMV/IL-2). Its length is: 4732.,
VO:0001023,BCG vaccine vector,vaccine component,,bacterial vaccine vector,,,,,,,a bacterial vaccine vector that uses TB vaccine BCG as the vector.,,YH,,,NCBI Taxonomy ID: 33892,,,,
VO:0001025,vesicular stomatitis virus vaccine vector,vaccine component,,rhabdovirus-based vaccine vector,,,,,,,a viral vaccine vector that uses a vesicular stomatitis virus (VSV) as the vector.,,YH,,,NCBI Taxonomy ID: 11276,,,,
VO:0001028,Leishmania tarentolae vaccine vector,vaccine component,,parasite vaccine vector,,,,,,,a parasite vaccine vector using a live attenuated Leishmania tarentolae strain.  ,,"Yongqun He, Carly Mantin",,,NCBI Taxonomy ID: 5689,,,,
VO:0001031,Salmonella typhimurium SL3261 vaccine vector,vaccine component,,bacterial vaccine vector,,,,,,,a bacterial vaccine vector using a live attenuated Salmonella enterica strain SL3261.,,"Yongqun He, Carly Mantin",,,,,WEB: http://www.ncbi.nlm.nih.gov/pubmed/21907709,,
VO:0001032,Edwardsiella tarda EIB202 vaccine vector,vaccine component,,bacterial vaccine vector,,,,,,,a bacterial vaccine vector using a live attenuated Edwardsiella tarda strain EIB202,,"Yongqun He, Carly Mantin",,,NCBI Taxonomy ID: 498217,,WEB: http://www.ncbi.nlm.nih.gov/pubmed/21964456,,
VO:0001034,parasite vaccine vector,vaccine component,,recombinant vaccine vector,,,,,,,a vaccine vector that uses a parasite as the vector.,,"Yongqun He, Carly Martin",,,,,,,
VO:0001036,Streptococcus gordonii vaccine vector,vaccine component,,bacterial vaccine vector,,,,,,,a bacterial vaccine vector using a live attenuated Streptococcus gordonii vaccine vector.,,"Yongqun He, Carly Mantin",,,NCBI Taxonomy ID: 1302,,WEB: http://www.ncbi.nlm.nih.gov/pubmed/23403993,,
VO:0001037,Bordetella pertussis BPZE vaccine vector,vaccine component,,bacterial vaccine vector,,,,,,,a bacterial vaccine vector using a live attenuated Bordetella pertussis BPZE as a vaccine vector.,,"Yongqun He, Carly Mantin",,,,,WEB: http://www.ncbi.nlm.nih.gov/pubmed/16823926,,
VO:0001038,Actinobacillus pleuropneumoniae HS93Tox vaccine vector,vaccine component,,bacterial vaccine vector,,,,,,,"a bacterial vaccine vector using the HS93Tox- mutant of the serovar 7 strain of Actinobacillus pleuropneumoniae. This mutant lacks the genes encoding the toxin ApxA and the post-translational activating protein ApxC, but still has genes required for secretion, making it a good vector.",,"Yongqun He, Carly Mantin",,,,,WEB: http://www.ncbi.nlm.nih.gov/pubmed/9767712,,
VO:0001040,fowlpox virus vaccine vector,vaccine component,,Avipox virus vaccine vector,,,,,,,an Avipox virus vaccine vector that uses a fowlpox virus as the vector,,"Yongqun He, Shunzhou Deng",,,NCBI Taxonomy ID: 10261|pmid: 10729156,,,,
VO:0001041,L. monocytogenes LM1-2 vaccine vector,vaccine component,,Listeria monocytogenes vaccine vector,,,,,,,A Listeria monocytogenes vaccine vector that uses the highly attenuated LM1-2 strain,PMID: 23027427,YH,,,,,,,
VO:0001042,BoHV-4 vaccine vector,vaccine component,,herpesvirus vaccine vector,,,,,,,,PMID: 23830977; PMID: 23300989; PMID: 21320537; PMID: 24752229,"Yongqun He, Shunzhou Deng",BHV-4 vaccine vector|bovine herpesvirus 4 vaccine vector,,NCBI Taxonomy ID: 10385,,,,
VO:0001043,canarypox vaccine vector,vaccine component,,Avipox virus vaccine vector,,,,,,,an Avipox virus vaccine vector that uses an attenuated canarypox virus strain,"Poulet et al. 2007, PubMed PMID: 17227690.|WEB: http://en.wikipedia.org/wiki/Canarypox","Yongqun He, Shunzhou Deng",,,NCBI Taxonomy ID: 44088,,,,
VO:0001044,Vibrio cholerae vaccine vector,vaccine component,,bacterial vaccine vector,,,,,,,a bacterial vaccine vector that uses an attenuated Vibrio cholerae strain,PMID: 9529093,"Yongqun He, Shunzhou Deng",,,NCBI Taxonomy ID: 666,,,,
VO:0001045,APMV-3 vaccine vector,vaccine component,,viral vaccine vector,,,,,,,a viral vaccine vector that uses an avian paramyxovirus strain,PMID: 21525340,"Yongqun He, Shunzhou Deng",avian paramyxovirus type 3 vaccine vector,,NCBI Taxonomy ID: 207246,,,,
VO:0001046,Herpes simplex virus vaccine vector,vaccine component,,herpesvirus vaccine vector,,,,,,,a herpesvirus vaccine vector that uses a herpes simplex virus strain,PMID: 22713696; PMID: 19428888; PMID: 20835362; PMID: 16996101,"Yongqun He, Shunzhou Deng",HSV vaccine vector,,,,,,
VO:0001047,simian adenovirus ChAd63 vaccine vector,vaccine component,,adenovirus vaccine vector,,,,,,,an adenovirus vaccine vector that uses the simian adenovirus ChAd63 strain.,PMID: 22275401; PMID: 23526949; PMID: 22363582,"Yongqun He, Shunzhou Deng",,,NCBI Taxonomy ID: 413684,,,,
VO:0001048,raccoon poxvirus vaccine vector,vaccine component,,Orthopoxvirus vaccine vector,,,,,,,an orthopoxvirus vaccine vector that uses an attenuated Raccoon poxvirus strain,PMID: 22921740,"Yongqun He, Shunzhou Deng",,,NCBI Taxonomy ID: 10256,,,,
VO:0001050,pseudorabies virus strain Bartha vaccine vector,vaccine component,,herpesvirus vaccine vector,,,,,,,"A herpesevirus vaccine vector that uses an established live-virus vaccine against Aujeszky's disease of swine, pseudorabies virus (PrV) strain Bartha (PrV-Ba), to serve as vector.",PMID: 24431235,"Yongqun He, Shunzhou Deng",PrV vaccine vector |Suid herpesvirus 1 strain Bartha vaccine vector,,NCBI Taxonomy ID: 1006205,,,,
VO:0001051,porcine adenovirus 3 vaccine vector,vaccine component,,adenovirus vaccine vector,,,,,,,an adenovirus vaccine vector that uses a porcine adenovirus 3 strain,PMID: 11402666; PMID: 21179494; PMID: 10091994; PMID: 12954206; PMID: 17565687,"Yongqun He, Shunzhou Deng",PAV3 vaccine vector,,NCBI Taxonomy ID: 35265,,,,
VO:0001052,poliovirus vaccine vector,vaccine component,,viral vaccine vector,,,,,,,a viral vaccine vector that uses a poliovirus strain,PMID: 19003009; PMID: 12423772; PMID: 17196342,"Yongqun He, Shunzhou Deng",PV vaccine vector,,NCBI Taxonomy ID: 138950,,,,
VO:0001055,chimpanzee adenovirus vaccine vector,vaccine component,,adenovirus vaccine vector,,,,,,,an adenovirus vaccine vector that uses a chimpanzee adenovirus strain,,"Yongqun He, Shunzhou Deng",,,NCBI Taxonomy ID: 310542,,,,
VO:0001056,measles virus vaccine vector,vaccine component,,viral vaccine vector,,,,,,,a viral vaccine vector that uses a measles virus strain,PMID: 24084235; PMID: 24606680; PMID: 23642239; PMID: 23550539; PMID: 23516477,"Yongqun He, Shunzhou Deng",MV vaccine vector,,NCBI Taxonomy ID: 11234,,,,
VO:0001057,Coxsackievirus vaccine vector,vaccine component,,viral vaccine vector,,,,,,,a viral vaccine vector that uses a Coxsackievirus strain,PMID: 20824074; PMID: 11115722; PMID: 19053211; PMID: 20088713; PMID: 21389776; PMID: 19941986; PMID: 11160741,"Yongqun He, Shunzhou Deng",,,NCBI Taxonomy ID: 12066,,,,
VO:0001059,Oka varicella vaccine vector,vaccine component,,herpesvirus vaccine vector,,,,,,,a poxvirus vaccine vector that uses an attenuated Oka varicella virus strain,PMID: 10720546; PMID: 16615495; PMID: 18053621,"Yongqun He, Shunzhou Deng",Human herpesvirus 3 strain Oka vaccine vaccine,,NCBI Taxonomy ID: 341980,,,,
VO:0001060,Newcastle disease virus vaccine vector,vaccine component,,viral vaccine vector,,,,,,,a viral vaccine vector that uses a NewCastle virus strain,PMID: 23845804,"Yongqun He, Shunzhou Deng",NDV vaccine vector ,,NCBI Taxonomy ID: 11176,,,,
VO:0001062,myxoma virus vaccine vector,vaccine component,,viral vaccine vector,,,,,,,a viral vaccine vector that uses a myxoma virus strain,PMID: 10627521; PMID: 12951040; PMID: 14972520; PMID: 8719525; PMID: 12057600; PMID: 18474552; PMID: 21835800; PMID: 22244980,"Yongqun He, Shunzhou Deng",,,NCBI Taxonomy ID: 10273,,,,
VO:0001063,Maraba virus vaccine vector,vaccine component,,viral vaccine vector,,,,,,,a viral vaccine vector that uses a Maraba virus strain,PMID: 24322333,"Yongqun He, Shunzhou Deng",,,NCBI Taxonomy ID: 1046251,,,,
VO:0001064,Mycobacterium smegmatis vaccine vector,vaccine component,,bacterial vaccine vector,,,,,,,a bacterial vaccine vector that uses an attenuated Mycobacterium smegmatis strain,PMID: 22546648; PMID: 21900527,"Yongqun He, Shunzhou Deng",,,NCBI Taxonomy ID: 1772,,,,
VO:0001066,Lactobacillus gasseri vaccine vector,vaccine component,,bacterial vaccine vector,,,,,,,a bacterial vaccine vector that uses an attenuated Lactobacillus gasseri strain,PMID: 21375708; PMID: 20722604; PMID: 21900526,"Yongqun He, Shunzhou Deng",,,NCBI Taxonomy ID: 1596,,,,
VO:0001067,herpesvirus of turkey vaccine vector,vaccine component,,herpesvirus vaccine vector,,,,,,,,PMID: 22845318,"Yongqun He, Shunzhou Deng",HVT vaccine vector|Meleagrid herpesvirus 1 vaccine vector,,NCBI Taxonomy ID: 37108,,,,
VO:0001068,Herpes simplex virus vaccine 1 vector,vaccine component,,Herpes simplex virus vaccine vector,,,,,,,A Herpes simplex virus vaccine vector that uses a virus type 1 strain,PMID: 19428888,"Yongqun He, Shunzhou Deng",HSV-1 vaccine vector,,NCBI Taxonomy ID: 10298,,,,
VO:0001070,E. coli vaccine vector,vaccine component,,bacterial vaccine vector,,,,,,,a bacterial vaccine vector that uses an E. coli strain,PMID: 24746937,"Yongqun He, Shunzhou Deng",,,NCBI Taxonomy ID: 562,,,,
VO:0001072,duck enteritis virus vector,vaccine component,,viral vaccine vector,,,,,,,a viral vaccine vector that uses a duck enteritis virus strain,PMID: 23267833,"Yongqun He, Shunzhou Deng",Anatid herpesvirus 1 vaccine vector,,NCBI Taxonomy ID: 104388,,,,
VO:0001073,CMV vaccine vector,vaccine component,,herpesvirus vaccine vector,,,,,,,a herpesvirus vaccine vector that uses a CMV virus strain,PMID: 23811402,"Yongqun He, Shunzhou Deng",Cytomegalovirus vaccine vector,,NCBI Taxonomy ID: 10358,,,,
VO:0001075,Salmonella typhi vaccine vector,vaccine component,,bacterial vaccine vector,,,,,,,a bacterial vaccine vector that uses a Salmonella typhi strain,,"Yongqun He, Shunzhou Deng",,,NCBI Taxonomy ID: 90370,,,,
VO:0001081,adenovirus serotype 5 vaccine vector,vaccine component,,adenovirus vaccine vector,,,,,,,an adenovirus vaccine vector that uses an Adenovirus serotype 5 strain.,,Yongqun He,human adenovirus 5 vaccine vector,,NCBI Taxonomy ID: 28285,,,,
VO:0001082,AcMNPV vector,vaccine component,,adenovirus vaccine vector,,,,,,,"an adenovirus vaccine vector that contains a deletion of the gp64 gene. As a result of the deletion, this vector is unable to propagate infection from cell to cell, and this defect results from both a severe reduction in the production of budded virions and the absence of GP64 on virions.",PMID: 17989172,Yongqun He,,,NCBI Taxonomy ID: 46015,,,,
VO:0001084,baculovirus vaccine vector,vaccine component,,viral vaccine vector,,,,,,,a viral vaccine vector that uses a baculovirus as the vector ,PMID: 22705893,YH,,,NCBI Taxonomy ID: 10469,,,,
VO:0001086,complex adenovirus vaccine vector,vaccine component,,adenovirus vaccine vector,,,,,,,an adenovirus vaccine vector that uses a complex adenovirus as the vector strain.,PMID: 19776190; PMID: 18480438; PMID: 17634508; PMID: 18216185; PMID: 16501083,Yongqun He,CAdVax vaccine vector,,,,,,
VO:0001087,human adenovirus vaccine vector,vaccine component,,adenovirus vaccine vector,,,,,,,an adenovirus vaccine vector that uses a human adenovirus as the vector strain.,PMID: 16297508; PMID: 15761255,Yongqun He,HAd vaccine vector,,,,,,
VO:0001088,murine leukemia viral vector vaccine,vaccine component,,viral vaccine vector,,,,,,,a viral vaccine vector that uses a murine leukemia virus as the vaccine vector,WEB: http://en.wikipedia.org/wiki/Murine_leukemia_virus,YH,,,NCBI Taxonomy ID: 11786,,,,
VO:0001093,NYVAC vaccine vector,vaccine component,,vaccinia virus vector,,,,,,,a vaccinia vaccine vector that uses the highly attenuated NYVAC  as vector,PMID: 22930439;; PMID: 24069354; PMID: 1566575,Yongqun He,,,NCBI Taxonomy ID: 10249 (for Vaccinia virus Copenhagen),"A highly attenuated vaccinia virus strain, NYVAC (vP866), was derived from a plaque-cloned isolate of the Copenhagen vaccine strain by the precise deletion of 18 open reading frames (ORFs) from the viral genome. Source: http://www.ncbi.nlm.nih.gov/pubmed/1566575",,,
VO:0001102,retroviral vaccine vector,vaccine component,,viral vaccine vector,,,,,,,a viral vaccine vector that uses a retroviral strain,PMID: 2839718,Yongqun He,,,NCBI Taxonomy ID: 11632|Vaxvec: 23,,,,
VO:0001104,Rous sarcoma virus vaccine vector,vaccine component,,retroviral vaccine vector,,,,,,,,,Yongqun He|a retroviral vaccine vector where a Rous sarcoma virus (a retrovirus) is used,,,NCBI Taxonomy ID: 11886|Vaxvec: 20,,,,
VO:0001106,swinepox virus vaccine vector,vaccine component,,poxvirus vaccine vector,,,,,,,a poxvirus vaccine vector that uses a swinepox virus as the vector,,"Yongqun He, Shunzhou Deng",,,NCBI Taxonomy ID: 10276|PMID: 22515033; PMID: 21807055; PMID: 22884664; PMID: 23135159,,,,
VO:0001107,Modified Vaccinia Ankara (MVA) virus vaccine vector,vaccine component,,vaccinia virus vector,,,,,,,a vaccinia virus vector that uses the Modified Vaccinia Ankara (MVA) virus. ,PMID: 24933081,YH,,,NCBI Taxonomy ID: 467144,,,,
VO:0001108,ORF virus vaccine vector,vaccine component,,poxvirus vaccine vector,,,,,,,a poxvirus vaccine vector that uses an ORF virus which is a parapoxvirus.,,"Shunzhou Deng, Yongqun He",,,NCBI Taxonomy ID: 10258,,,,
VO:0001109,MVTT vaccine vector,vaccine component,,vaccinia virus vector,,,,,,,a vaccinia virus vector that uses the MVTT vaccine strain as the vector. MVTT is an attenuated vaccine strain. ,,"Shunzhou Deng, Yongqun He",vaccinia virus TianTan vaccine vector,,NCBI Taxonomy ID: 10253,,,,
VO:0001111,lumpy skin disease virus vaccine vector,vaccine component,,capripoxvirus vaccine vector,,,,,,,A poxvirus vaccine vector that uses an attenuated lumpy skin disease virus as the vector.  ,,"Yongqun He, Shunzhou Deng",LSDV vaccine vector,,NCBI Taxonomy ID: 59509,,,,
VO:0001112,bovine parainfluenza virus vaccine vector,vaccine component,,viral vaccine vector,,,,,,,a viral vaccine vector that uses a bovine parainfluenza virus strain as vector,PMID: 22570186; PMID: 24478424.,"Yongqun He, Shunzhou Deng",,,NCBI Taxonomy ID: 11215,,,,
VO:0001115,capripoxvirus vaccine vector,vaccine component,,poxvirus vaccine vector,,,,,,,a poxvirus vaccine vector that uses an attenuated capripoxvirus strain as the vaccine vector,,"Yongqun He, Shunzhou Deng",,,NCBI Taxonomy ID: 10265,,,,
VO:0001118,Corynebacterium pseudotuberculosis vaccine vector,vaccine component,,bacterial vaccine vector,,,,,,,a bacterial vaccine vector that uses a Corynebacterium pseudotuberculosis strain as the vaccine vector,,"Yongqun He, Shunzhou Deng",,,NCBI Taxonomy ID: 1719,,,,
VO:0001121,rhabdovirus-based vaccine vector,vaccine component,,viral vaccine vector,,,,,,,a viral vaccine vector that uses a rhabdovirus-based viral strain as the vaccine vector,,"Yongqun He, Shunzhou Deng",,,NCBI Taxonomy ID: 11270,,,,
VO:0001122,Saccharomyces cerevisiae vaccine vector,vaccine component,,fungal vaccine vector,,,,,,,a recombinant vaccine vector that uses Saccharomyces cerevisiae as the vaccine vector,,"Yongqun He, Shunzhou Deng",,,NCBI Taxonomy ID: 4932,,,,
VO:0001124,VEE vaccine vector,vaccine component,,alphavirus vaccine vector,,,,,,,a viral vaccine vector that uses a Venezuelan equine encephalitis virus strain as the vaccine vector,,"Yongqun He, Shunzhou Deng",Venezuelan equine encephalitis virus vaccine vector,,NCBI Taxonomy ID: 11036,,,,
VO:0001128,ALVAC vaccine vector,vaccine component,,canarypox vaccine vector,,,,,,,a canarypox vaccine vector that uses an attenuated canarypox virus strain ALVAC. The ALVAC vector is a canarypox virus clone obtained after four rounds of plaque purification of a strain from a vaccine for canaries. ,WEB: http://www.ncbi.nlm.nih.gov/pubmed/17227690,"Yongqun He, Shunzhou Deng",ALVAC,,,,,,
VO:0001129,non-replicating adenovirus accine vector,vaccine component,,adenovirus vaccine vector,,,,,,,an adenovirus vaccine vector that is not able to replicate.,,Yongqun He,,,,,,,
VO:0001131,replicating adenovirus accine vector,vaccine component,,adenovirus vaccine vector,,,,,,,an adenovirus vaccine vector that is able to replicate.,,Yongqun He,,,,,,,
VO:0001141,fungal vaccine vector,vaccine component,,recombinant vaccine vector,,,,,,,a recombinant vaccine vector that uses a fungus as the vaccine vector,,Yongqun He,,,NCBI Taxonomy ID: 4751,,,,
VO:0001143,Avipox virus vaccine vector,vaccine component,,poxvirus vaccine vector,,,,,,,a poxvirus vaccine vector that uses an avipox virus as the vector,,Yongqun He,,,NCBI Taxonomy ID: 10260,,,,
VO:0001146,Orthopoxvirus vaccine vector,vaccine component,,poxvirus vaccine vector,,,,,,,a poxvirus vaccine vector that uses an orthopox virus as the vector,,Yongqun He,,,NCBI Taxonomy ID: 10242,,,,
VO:0001254,capsular polysaccharide of pathogen organism as vaccine component,vaccine component,,polysaccharide of pathogen organism as vaccine component,,,,,,,,,YH,,,,,,,
VO:0001256,polysaccharide of pathogen organism as vaccine component,vaccine component,,part of pathogen organism in vaccine,,,,,,,,,YH,,,,,,,
VO:0001346,formaldehyde vaccine preservative,vaccine component,,vaccine preservative,,formaldehyde,vaccine preservative role,,,,a vaccine preservative that contains formaldehyde.,WEB: http://www.mja.com.au/public/issues/184_04_200206/eld10500_fm.pdf,"YH, SGS",,,,,,,
VO:0003024,lyophilized vaccine powder,vaccine component,,vaccine powder,,,,,,,a vaccine powder that is freeze-dried and lyophilized. ,,"YL,YH",,,,,,,
VO:0003027,human serum albumin vaccine additive,vaccine component,,protein vaccine stabilizer,,human serum albumin,vaccine stabilizer role,,,,a protein vaccine stablizer that is specifically human serum albumin.,,YL,,,,,,,
VO:0003029,gelatin vaccine stabilizer,vaccine component,,vaccine stabilizer,,gelatin,vaccine stabilizer role,,,,a vaccine stabilizer that is gelatin.,,YL,,,,,,,
VO:0003033,bovine serum albumin vaccine additive,vaccine component,,protein vaccine stabilizer,,,,,,,a protein vaccine stablizer that is specifically bovine serum albumin. ,,"YH, YL",,,,,,,
VO:0003034,sugar vaccine stabilizer,vaccine component,,vaccine stabilizer,,,,,,,a vaccine stabilizer that is specifically made by a sugar.,,"YH, YL",,,,,,,
VO:0003035,amino acid vaccine stabilizer,vaccine component,,vaccine stabilizer,,,,,,,a vaccine stabilizer that is generated based on amino acids. ,,"YH, YL",,,,,,,
VO:0003036,sucrose vaccine stabilizer,vaccine component,,sugar vaccine stabilizer,,,,,,,a vaccine stabilizer that is specifically made by a sucrose. ,,"YH, YL",,,,,,,
VO:0003037,lactose vaccine stabilizer,vaccine component,,sugar vaccine stabilizer,,,,,,,a vaccine stabilizer that is specifically made by a lactose.,,"YH, YL",,,,,,,
VO:0003038,protein vaccine stabilizer,vaccine component,,vaccine stabilizer,,,,,,,a vaccine stabilizer that is a protein.,,"YH, YL",,,,,,,
VO:0003039,Alkest TW 20 vaccine stabilizer,vaccine component,,polysorbate 20 vaccine stabilizer,,,,,,,a polysorbate 20 vaccine stabilizer that is Alkest TW20.,,"YH, YL",,,,,,,
VO:0003040,Tween 20 vaccine stabilizer,vaccine component,,polysorbate 20 vaccine stabilizer,,,,,,,a polysorbate 20 vaccine stabilizer that is Tween 20.,,"YH, YL",,,,,,,
VO:0003041,neomycin residual,vaccine component,,antibiotics vaccine residual,'antibiotics vaccine residual' and ('has part' some neomycin),neomycin,,,,,an antibiotics vaccine residual that has the antibiotics of neomycin. ,,"YL, YH",,,,,,,
VO:0003042,protective vaccine antigen,vaccine component,,vaccine antigen,'vaccine antigen' and ('has role' some 'protective antigen role'),,protective antigen role,,,,the vaccine antiegn that induces protective immune response. ,,"YL, YH",,,,,,,
VO:0003049,vaccine conjugate protein,vaccine component,,vaccine component,'vaccine component' and ('has role' some 'vaccine conjugate role'),,vaccine conjugate role,,,,"The conjugate protein is a part of a conjugate vaccine and acts as a carrier protein that is covalently attached to a vaccine antigen with poor antigenicity (e.g., a polysaccharide). A conjugate protein is able to induce T-cell-dependent immune responses and stimulate the production of immune memory.",,"YL,YH",,,,,,,
VO:0003960,Neisseria meningitidis vaccine antigen,vaccine component,,vaccine antigen,,,,,,,,,,,,,,,,
VO:0004898,Influenza A virus A/Perth/16/2009 (H3N2) antigen,vaccine component,,influenza A virus (H3N2) antigen,,,,,,,,https://www.fludb.org/brc/fluStrainDetails.spg?strainName=A/Perth/16/2009(H3N2)&decorator=influenza,Oliver He,,,,,,"Recommended by WHO for Vaccines: 
2011-2012 Northern Hemisphere
2010 Southern Hemisphere
2011 Southern Hemisphere
2012 Southern Hemisphere
2010-2011 Northern Hemisphere",
VO:0004901,influenza B virus B/Wisconsin/1/2010 antigen,vaccine component,,influenza B virus antigen,,,,,,,,https://www.drugbank.ca/drugs/DB14396,Oliver He,,,,,,,
VO:0004902,influenza A virus A/Victoria/361/2011 (H3N2) antigen,vaccine component,,influenza A virus (H3N2) antigen,,,,,,,,https://www.fludb.org/brc/fluStrainDetails.spg?strainName=A/Victoria/361/2011(H3N2)&decorator=influenza,Oliver He,,,,,,"Recommended by WHO for Vaccines:
2013 Southern Hemisphere
2014 Southern Hemisphere
2012-2013 Northern Hemisphere
2013-2014 Northern Hemisphere",
VO:0004904,Influenza A virus (A/Indonesia/05/2005) antigen,vaccine component,,influenza A virus (H3N2) antigen,,,,,,,,https://www.fludb.org/brc/fluStrainDetails.spg?strainName=A/Indonesia/5/2005(H5N1)&tabName=17535101%20No2&decorator=influenza&context=1544988803656,,,,,,,,
VO:0005000,pCAGGSP7 DNA vaccine plasmid,vaccine component,,DNA vaccine plasmid vector,,,,,,,"A DNA vaccine plasmid vector that has the plasmid label pCAGGSP7. This plasmid has a polylinker containing KpnI, XhoI, ClaI, EcoRV, SmaI, Not1 and Sac1 sites inserted into the EcoRI site of pCAGGS.",,"Rebecca Racz, Yongqun He",,,PMID:9711802,,,,
VO:0005001,pCAGGS/MCS DNA vaccine plasmid,vaccine component,,DNA vaccine plasmid vector,,,,,,,"A DNA vaccine plasmid vector that has the plasmid label pCAGGS/MCS.  This plasmid has a chicken beta-actin promoter, contains a multiple cloning site between the EcoRI and BglII sites of the rabbit beta-globin gene, and has restriction sites for the enzymes SacI, ClaI, NsiI, Asp718, SmaI, SphI, XhoI, and NheI.",,"Rebecca Racz, Yongqun He",,,PMID: 9261394,,,,
VO:0005002,pWRG DNA vaccine plasmid,vaccine component,,DNA vaccine plasmid vector,,,,,,,A DNA vaccine plasmid vector that has the plasmid label pWRG.  This plasmid is a eukaryotic expression plasmid that contains the immediate early promoter and intron A of human cytomegalovirus.,,"Rebecca Racz, Yongqun He",,,PMID: 10403592,,,,
VO:0005003,pHW2000 DNA vaccine plasmid,vaccine component,,DNA vaccine plasmid vector,,,,,,,"A DNA vaccine plasmid vector that has the plasmid label pHW2000.  This plasmid is derived from pHW12 and contains part of the human pol I promoter and murine terminator sequences, a CMV promoter, and the polyadenylation signal of the gene encoding bovine growth hormone.",,"Rebecca Racz, Yongqun He",,,PMID: 10662626,,,,
VO:0005004,pCMV/R DNA vaccine plasmid,vaccine component,,DNA vaccine plasmid vector,,,,,,,A DNA vaccine plasmid vector that has the plasmid label pCMV/R. This plasmid is a mammalian expression vector with a CMV promoter.,,"Rebecca Racz, Yongqun He",,,PMID: 20660192,,,,
VO:0005005,VRC-9123 DNA vaccine plasmid,vaccine component,,DNA vaccine plasmid vector,,,,,,,A DNA vaccine plasmid vector that has the plasmid label VRC-9123.,,"Rebecca Racz, Yongqun He",,,PMID: 21975270,,,This plasmid was prepared under Good Manufacturing Practices at 4 mg/mL in phosphate buffered saline (PBS).,
VO:0005006,pPJV7563 DNA vaccine plasmid,vaccine component,,DNA vaccine plasmid vector,,,,,,,A DNA vaccine plasmid vector that has the plasmid label pPJV7563.  This plasmid has a human cytomegalovirus immediate early promoter.,,"Rebecca Racz, Yongqun He",,,PMID: 20544035,,,,
VO:0005007,p188 DNA vaccine plasmid,vaccine component,,DNA vaccine plasmid vector,,,,,,,A DNA vaccine plasmid vector that has the plasmid label p188.  This plasmid is a replication-defective derivative of pP1/H7.,,"Rebecca Racz, Yongqun He",,,PMID: 8212843,,,,
VO:0005008,VR10551 DNA vaccine plasmid,vaccine component,,DNA vaccine plasmid vector,,,,,,,"A DNA vaccine plasmid vector that has the plasmid label VR10551.  This plasmid contains a human cytomegalovirus immediate early 1 promoter, a kanamycin resistance gene, intron A and a modified rabbit b-globin terminator.",,"Rebecca Racz, Yongqun He",,,PMID: 17637571,,,,
VO:0005009,VCL-1632 DNA vaccine plasmid,vaccine component,,DNA vaccine plasmid vector,,,,,,,"A DNA vaccine plasmid vector that has the plasmid label VCL-1632. This plasmid contains a CMV promoter, kanamycin resistance gene, the murine Kappa constant region sequence, a translational enhancer, the murine IgG2a heavy-chain sequence, and a translation terminator. This plasmid is derived from pUC-18.",,"Rebecca Racz, Yongqun He",,,PMID: 12384547,,,,
VO:0005010,pSport-B-gal DNA vaccine plasmid,vaccine component,,DNA vaccine plasmid vector,,,,,,,A DNA vaccine plasmid vector that has the plasmid label pSport-B-gal.  This plasmid contains a CMV promoter.,,"Rebecca Racz, Yongqun He",,,PMID: 12496961,,,,
VO:0005011,pSin-B-gal DNA vaccine plasmid,vaccine component,,DNA vaccine plasmid vector,,,,,,,A DNA vaccine plasmid vector that has the plasmid label pSin-B-gal.  This plasmid contains a CMV promoter.,,"Rebecca Racz, Yongqun He",,,PMID: 10646851,,,,
VO:0005012,pLXSHD DNA vaccine plasmid,vaccine component,,DNA vaccine plasmid vector,,,,,,,A DNA vaccine plasmid vector that has the plasmid label pLXSHD.  This plasmid has a murine leukemia virus enhancer-promoter LTR.,,"Rebecca Racz, Yongqun He",,,PMID: 7533183,,,,
VO:0005013,WRG/BEN DNA vaccine plasmid,vaccine component,,DNA vaccine plasmid vector,,,,,,,A DNA vaccine plasmid vector that has the plasmid label WRG/BEN.  This plasmid is based off of pWRG7077.  It contains a CMV promoter and a kanamycin resistance gene.,,"Rebecca Racz, Yongqun He",,,PMID: 9739060,,,,
VO:0005014,pNGVL4a DNA vaccine plasmid,vaccine component,,DNA vaccine plasmid vector,,,,,,,A DNA vaccine plasmid vector that has the plasmid label pNGVL4a.  This plasmid has a CMV promoter and kanamycin and ampicillin resistance genes.,,"Rebecca Racz, Yongqun He",,,PMID: 11818167,,,There is an extra immunostimulatory sequence (450 bp) in pNGVL4a plasmid compared to pNGVL3,
VO:0005015,pNGVL3 DNA vaccine plasmid,vaccine component,,DNA vaccine plasmid vector,,,,,,,A DNA vaccine plasmid vector that has the plasmid label pNGVL3.  This plasmid has a CMV promoter and kanamycin and ampicillin resistance genes.,,"Rebecca Racz, Yongqun He",,,PMID: 11818167,,,,
VO:0005016,SINCp B-gal DNA vaccine plasmid,vaccine component,,DNA vaccine plasmid vector,,,,,,,A DNA vaccine plasmid vector that has the plasmid label SINCp B-gal.  This plasmid contains a CMV promoter.,,"Rebecca Racz, Yongqun He",,,PMID: 17024104,,,,
VO:0005017,Synchotrope TA2M DNA vaccine plasmid,vaccine component,,DNA vaccine plasmid vector,,,,,,,A DNA vaccine plasmid vector that has the plasmid label Synchotrope TA2M.  This plasmid is 3683 base pairs in length and has two copies of the murine CpG immune stimulatory sequence AACGTT inserted.,,"Rebecca Racz, Yongqun He",,,PMID: 12833467,,,It has been shown that plasmid half-life in human serum in vitro is 20 minutes,
VO:0005018,pCMV/myc/ER DNA vaccine plasmid,vaccine component,,DNA vaccine plasmid vector,,,,,,,A DNA vaccine plasmid vector that has the plasmid label pCMV/myc/ER.  This plasmid is 5066 base pairs in length and contains a CMV promoter and ampicillin resistance gene.,Addgene: http://www.addgene.org/vector-database/2236/,"Rebecca Racz, Yongqun He",,,,,,,
VO:0005019,pPA63-LAMP1 DNA vaccine plasmid,vaccine component,,DNA vaccine plasmid vector,,,,,,,A DNA vaccine plasmid vector that has the plasmid label pPA63-LAMP1.,,"Rebecca Racz, Yongqun He",,,PMID: 19130551,,,,
VO:0005020,pSecTag2B DNA vaccine plasmid,vaccine component,,DNA vaccine plasmid vector,,,,,,,A DNA vaccine plasmid vector that has the plasmid label pSecTag2B.  This plasmid is 5163 base pairs in length and contains a CMV promoter and ampicillin resistance gene.,Invitrogen:http://tools.invitrogen.com/content/sfs/manuals/psectag2_man.pdf; Sequence: http://tools.invitrogen.com/content/sfs/vectors/psectag2b_seq.txt,"Rebecca Racz, Yongqun He",,,,,,,
VO:0005021,pTPA-PA63-LAMP1 DNA vaccine plasmid,vaccine component,,DNA vaccine plasmid vector,,,,,,,A DNA vaccine plasmid vector that has the plasmid label pTPA-PA63-LAMP1.,,"Rebecca Racz, Yongqun He",,,PMID: 19130551,,,,
VO:0005022,pTPA-PA63 DNA vaccine plasmid,vaccine component,,DNA vaccine plasmid vector,,,,,,,A DNA vaccine plasmid vector that has the plasmid label pTPA-PA63.,,"Rebecca Racz, Yongqun He",,,PMID: 19130551,,,,
VO:0005023,VR2210 DNA vaccine plasmid,vaccine component,,DNA vaccine plasmid vector,,,,,,,"A DNA vaccine plasmid vector that has the plasmid label VR2210.  This plasmid contains a CMV promoter and kanamycin resistance gene.  It was created through ligation of fragments of digested plasmid VR1012, hTPA, and B. burgdorferi B31 ospA.",,"Rebecca Racz, Yongqun He",,,PMID: 8985201,,,,
VO:0005024,pCMV-TPA/ZS7 DNA vaccine plasmid,vaccine component,,DNA vaccine plasmid vector,,,,,,,A DNA vaccine plasmid vector that has the plasmid label pCMV-TPA/ZS7.  This plasmid contains a CMV promoter and is generated from pCMV-ZS7 by attaching hTPA to ospC ZS7.,,"Rebecca Racz, Yongqun He",,,PMID: 12941385; PMID: 10580194,,,,
VO:0005025,pABB-CRS2 DNA vaccine plasmid,vaccine component,,DNA vaccine plasmid vector,,,,,,,A DNA vaccine plasmid vector that has the plasmid label pABB-CRS2.  This plasmid is a derivative of pCVD442 and contains a chloramphenicol resistance gene.,,"Rebecca Racz, Yongqun He",,,PMID: 11562461,,,,
VO:0005026,pMASIA-tgD DNA vaccine plasmid,vaccine component,,DNA vaccine plasmid vector,,,,,,,A DNA vaccine plasmid vector that has the plasmid label pMASIA-tgD.  This plasmid is based off of pMASIA and contains a CMV promoter and kanamycin resistance gene.,,"Rebecca Racz, Yongqun He",,,PMID: 12466473,,,,
VO:0005027,pCMVi-UB DNA vaccine plasmid,vaccine component,,DNA vaccine plasmid vector,,,,,,,A DNA vaccine plasmid vector that has the plasmid label pCMVi-UB.  This plasmid was built from pCMV-5 and contains a CMV promoter.,,"Rebecca Racz, Yongqun He",,,PMID: 10433551,,,,
VO:0005028,pCI30 DNA vaccine plasmid,vaccine component,,DNA vaccine plasmid vector,,,,,,,"A DNA vaccine plasmid vector that has the plasmid label pCI30.  This plasmid contains a CMV promoter, ampicillin resistance gene, T7 RNA polymerase promoter, a multiple cloning region and a 6xHis tag coding sequence.",,"Rebecca Racz, Yongqun He",,,PMID: 17239501; PMID: 11567754,,,,
VO:0005029,pCP15/60 DNA vaccine plasmid,vaccine component,,DNA vaccine plasmid vector,,,,,,,A DNA vaccine plasmid vector that has the plasmid label pCP15/60.,,"Rebecca Racz, Yongqun He",,,,,,,
VO:0005030,pUMVC3 DNA vaccine plasmid,vaccine component,,DNA vaccine plasmid vector,,,,,,,A DNA vaccine plasmid vector that has the plasmid label pUMVC3.  This plasmid is 4030 base pairs in length and contains a CMV promoter and kanamycin resistance gene.,Aldevron: http://www.aldevron.com/products/dnas/umvc_expression/,"Rebecca Racz, Yongqun He",,,PMID: 12654810,,,,
VO:0005031,pcDNA1 DNA vaccine plasmid,vaccine component,,DNA vaccine plasmid vector,,,,,,,A DNA vaccine plasmid vector that has the plasmid label pcDNA1.  This plasmid is 4000 base pairs in length and contains a CMV promoter.,Addgene: https://www.addgene.org/vector-database/2089/,"Rebecca Racz, Yongqun He",,,,,,,
VO:0005032,pCAT DNA vaccine plasmid,vaccine component,,DNA vaccine plasmid vector,,,,,,,A DNA vaccine plasmid vector that has the plasmid label pCAT.  This plasmid is 4364 base pairs in length and contains an ampicillin resistance gene.,Addgene: http://www.addgene.org/vector-database/2051/,"Rebecca Racz, Yongqun He",,,,,,,
VO:0005033,pGT36 DNA vaccine plasmid,vaccine component,,DNA vaccine plasmid vector,,,,,,,A DNA vaccine plasmid vector that has the plasmid label pGT36.  This plasmid is a derivative of pcDNA3 and contains a CMV promoter and a kanamycin resistance gene.,,"Rebecca Racz, Yongqun He",,,PMID: 9569471],,,,
VO:0005034,VR1040 DNA vaccine plasmid,vaccine component,,DNA vaccine plasmid vector,,,,,,,A DNA vaccine plasmid vector that has the plasmid label VR1040.  This plasmid contains four copies of the mouse immunostimulatory sequence and is similar to VR1012.,,"Rebecca Racz, Yongqun He",,,PMID: 11883007,,,,
VO:0005035,pcTPA DNA vaccine plasmid,vaccine component,,DNA vaccine plasmid vector,,,,,,,A DNA vaccine plasmid vector that has the plasmid label pcTPA.  This plasmid is based on pcDNA3 and contains the hTPA signal sequence.,,"Rebecca Racz, Yongqun He",,,PMID: 16122850,,,,
VO:0005036,pMV10.1 DNA vaccine plasmid,vaccine component,,DNA vaccine plasmid vector,,,,,,,A DNA vaccine plasmid vector that has the plasmid label pMV10.1.  This plasmid contains a CMV promoter and a kanamycin resistance gene.,,"Rebecca Racz, Yongqun He",,,PMID: 16125280,,,,
VO:0005037,pET11d DNA vaccine plasmid,vaccine component,,DNA vaccine plasmid vector,,,,,,,A DNA vaccine plasmid vector that has the plasmid label pET11d.  This plasmid is 5674 base pairs in length and contains an ampicillin resistance gene.,Addgene: http://www.addgene.org/vector-database/2628/,"Rebecca Racz, Yongqun He",,,PMID: 16520093,,,,
VO:0005038,pUMVC4b DNA vaccine plasmid,vaccine component,,DNA vaccine plasmid vector,,,,,,,A DNA vaccine plasmid vector that has the plasmid label pUMVC4b.  This plasmid is 4478 base pairs in length and contains a CMV promoter and kanamycin and ampicillin resistance genes.,Aldevron: http://www.aldevron.com/products/dnas/umvc_expression/; Sequence: https://system.netsuite.com/c.606687/pUMVC4a.txt,"Rebecca Racz, Yongqun He",,,,,,,
VO:0005039,pRC DNA vaccine plasmid,vaccine component,,DNA vaccine plasmid vector,,,,,,,A DNA vaccine plasmid vector that has the plasmid label pRC.  This plasmid is 7400 base pairs in length and contains CMV and RSV promoters.,,"Rebecca Racz, Yongqun He",,,PMID: 9879611,,,,
VO:0005040,pAK-4 DNA vaccine plasmid,vaccine component,,DNA vaccine plasmid vector,,,,,,,A DNA vaccine plasmid vector that has the plasmid label pAK-4.  This plasmid is 6600 base pairs in length and contains a CMV promoter and kanamycin and ampicillin resistance genes.,,"Rebecca Racz, Yongqun He",,,PMID: 16157425,,,,
VO:0005041,pCMVi(-H3)Ubs DNA vaccine plasmid,vaccine component,,DNA vaccine plasmid vector,,,,,,,A DNA vaccine plasmid vector that has the plasmid label pCMVi(-H3)Ubs.  This plasmid contains a CMV promoter.,,"Rebecca Racz, Yongqun He",,,PMID: 10438054,,,,
VO:0005042,Auxo-GTU DNA vaccine plasmid,vaccine component,,DNA vaccine plasmid vector,,,,,,,A DNA vaccine plasmid vector that has the plasmid label Auxo-GTU.,,"Rebecca Racz, Yongqun He",,,PMID: 16359234,,,"patent applications, PCT/FI02/00379 filed 03.05.2002 and PCT/FI2004/ 000540 filed 15.09.2004",
VO:0005043,pCMN160 DNA vaccine plasmid,vaccine component,,DNA vaccine plasmid vector,,,,,,,A DNA vaccine plasmid vector that has the plasmid label pCMN160.  This plasmid has a CMV promoter.,,"Rebecca Racz, Yongqun He",,,PMID: 9142121,,,,
VO:0005044,V1Jns DNA vaccine plasmid,vaccine component,,DNA vaccine plasmid vector,,,,,,,"A DNA vaccine plasmid vector that has the plasmid label V1Jns.  This plasmid contains the human CMV promoter, enhancer and intron A as well as the polyadenylation sequences of bovine growth hormone.",,"Rebecca Racz, Yongqun He",,,PMID: 9127013,,,,
VO:0005045,pND-14 DNA vaccine plasmid,vaccine component,,DNA vaccine plasmid vector,,,,,,,"A DNA vaccine plasmid vector that has the plasmid label pND-14.  This plasmid contains a CMV promoter, ampicillin resistance gene, a tissue plasminogen activator leader sequence, a bovine growth hormone terminator, and constitutive transport element from simian retrovirus.",,"Rebecca Racz, Yongqun He",,,PMID: 15149785,,,,
VO:0005046,pSecTag2A DNA vaccine plasmid,vaccine component,,DNA vaccine plasmid vector,,,,,,,A DNA vaccine plasmid vector that has the plasmid label pSecTag2A.  This plasmid is 5159 base pairs in length and contains a CMV promoter and ampicillin reisistance gene.,Invitrogen: http://tools.invitrogen.com/content/sfs/manuals/psectag2_man.pdf; Sequence: http://tools.invitrogen.com/content/sfs/vectors/psectag2a_seq.txt,"Rebecca Racz, Yongqun He",,,,,,,
VO:0005047,pRc/CMV-HBs(S) DNA vaccine plasmid,vaccine component,,DNA vaccine plasmid vector,,,,,,,A DNA vaccine plasmid vector that has the plasmid label pRc/CMV-HBs(S).  This plasmid is 5618 base pairs in length and contains a CMV promoter and ampicillin resistance gene.,Bioresearch Online: http://www.bioresearchonline.com/doc/pRcCMV-HBsS-0001,"Rebecca Racz, Yongqun He",,,,,,Also known as pCMV-S,
VO:0005048,pcDNA DNA vaccine plasmid,vaccine component,,DNA vaccine plasmid vector,,,,,,,A DNA vaccine plasmid vector that has the plasmid label pcDNA.,,"Rebecca Racz, Yongqun He",,,PMID: 15839423,,,,
VO:0005049,proVAX DNA vaccine plasmid,vaccine component,,DNA vaccine plasmid vector,,,,,,,A DNA vaccine plasmid vector that has the plasmid label proVAX. This plasmid contains a CMV promoter and a hCG-beta leader sequence.,,"Rebecca Racz, Yongqun He",,,PMID: 17310492,,,,
VO:0005050,p1012 DNA vaccine plasmid,vaccine component,,DNA vaccine plasmid vector,,,,,,,A DNA vaccine plasmid vector that has the plasmid label p1012.,,"Rebecca Racz, Yongqun He",,,PMID: 11117750,,,,
VO:0005051,pUSE- DNA vaccine plasmid,vaccine component,,DNA vaccine plasmid vector,,,,,,,A DNA vaccine plasmid vector that has the plasmid label pUSE-.  This plasmid is a mammalian expression vector derived from pCI-neo.,,"Rebecca Racz, Yongqun He",,,PMID: 11507187,,,,
VO:0005052,APL023 DNA vaccine plasmid,vaccine component,,DNA vaccine plasmid vector,,,,,,,A DNA vaccine plasmid vector that has the plasmid label APL023.,,"Rebecca Racz, Yongqun He",,,PMID: 17241713,,,,
VO:0005053,pEGFP-N1 DNA vaccine plasmid,vaccine component,,DNA vaccine plasmid vector,,,,,,,A DNA vaccine plasmid vector that has the plasmid label pEGFP-N1.  This plasmid is 4733 base pairs in length and contains a CMV promoter and kanamycin resistance gene.,Addgene: http://www.addgene.org/vector-database/2491/,"Rebecca Racz, Yongqun He",,,,,,,
VO:0005054,pCDL-SRa296 DNA vaccine plasmid,vaccine component,,DNA vaccine plasmid vector,,,,,,,A DNA vaccine plasmid vector that has the plasmid label pCDL-SRa296.  This plasmid is 3700 base pairs in length and contains a SRalpha promoter.,Addgene: http://www.addgene.org/vector-database/2084/,"Rebecca Racz, Yongqun He",,,PMID: 2827008,,,,
VO:0005055,pUSK DNA vaccine plasmid,vaccine component,,DNA vaccine plasmid vector,,,,,,,A DNA vaccine plasmid vector that has the plasmid label pUSK.,,"Rebecca Racz, Yongqun He",,,PMID: 15121294,,,,
VO:0005056,pUBIQ DNA vaccine plasmid,vaccine component,,DNA vaccine plasmid vector,,,,,,,A DNA vaccine plasmid vector that has the plasmid label pUBIQ.  This plasmid is derived from pGEM3 and contains a CMV promoter and an ampicillin resistance gene.,,"Rebecca Racz, Yongqun He",,,PMID: 12922097,,,,
VO:0005057,pcDNA3.1/Hygro(-) DNA vaccine plasmid,vaccine component,,DNA vaccine plasmid vector,,,,,,,A DNA vaccine plasmid vector that has the plasmid label pcDNA3.1/Hygro(-).  This plasmid is 5596 base pairs in length and contains a CMV promoter and an ampicillin resistance gene.,Addgene: http://www.addgene.org/vector-database/2105/,"Rebecca Racz, Yongqun He",,,,,,Differs from other pcDNA3.1 in drug resistance; +/- refers to orientation of f1 ori,
VO:0005058,pCMV3ISS DNA vaccine plasmid,vaccine component,,DNA vaccine plasmid vector,,,,,,,A DNA vaccine plasmid vector that has the plasmid label pCMV3ISS.  This plasmid is a eukaryotic expression vector.,,"Rebecca Racz, Yongqun He",,,PMID: 18951941,,,,
VO:0005059,pWRG7079 DNA vaccine plasmid,vaccine component,,DNA vaccine plasmid vector,,,,,,,A DNA vaccine plasmid vector that has the plasmid label pWRG7079.  This plasmid contains a CMV promoter and a kanamycin resistance gene and differs from pWRG7077 by the insertion of a TPA sequence.,,"Rebecca Racz, Yongqun He",,,PMID: 12922144,,,,
VO:0005060,pVR1020 DNA vaccine plasmid,vaccine component,,DNA vaccine plasmid vector,,,,,,,A DNA vaccine plasmid vector that has the plasmid label pVR1020.  This plasmid contains a CMV promoter and kanamycin resistance gene.,,"Rebecca Racz, Yongqun He",,,PMID: 11292786,,,,
VO:0005061,nkCMVintpolyli DNA vaccine plasmid,vaccine component,,DNA vaccine plasmid vector,,,,,,,A DNA vaccine plasmid vector that has the plasmid label nkCMVintpolyli.  This plasmid contains a CMV promoter.,,"Rebecca Racz, Yongqun He",,,PMID: 8666931,,,,
VO:0005062,pcDNA3.1/V5-His-TOPO DNA vaccine plasmid,vaccine component,,DNA vaccine plasmid vector,,,,,,,A DNA vaccine plasmid vector that has the plasmid label pcDNA3.1/V5-His-TOPO.  This plasmid is 5523 base pairs in length and contains a CMV promoter and ampicillin resistance gene.,Addgene: http://www.addgene.org/vector-database/5587/,"Rebecca Racz, Yongqun He",,,,,,,
VO:0005063,pIRES1neo DNA vaccine plasmid,vaccine component,,DNA vaccine plasmid vector,,,,,,,A DNA vaccine plasmid vector that has the plasmid label pIRES1neo.  This plasmid is 5257 base pairs in length and contains an ampicillin resistance gene.,Metalife: http://www.metalife.com/Genbank/1899169,"Rebecca Racz, Yongqun He",,,,,,,
VO:0005064,pRc/RSV DNA vaccine plasmid,vaccine component,,DNA vaccine plasmid vector,,,,,,,A DNA vaccine plasmid vector that has the plasmid label pRc/RSV.  This plasmid is 5224 base pairs in length and contains a RSV LTR promoter and ampicillin resistance gene.,Addgene: http://www.addgene.org/vector-database/3908/,"Rebecca Racz, Yongqun He",,,,,,,
VO:0005065,pCI-TPA DNA vaccine plasmid,vaccine component,,DNA vaccine plasmid vector,,,,,,,A DNA vaccine plasmid vector that has the plasmid label pCI-TPA.  This plasmid contains the N-terminal signal sequence of TPA.,,"Rebecca Racz, Yongqun He",,,PMID: 19428891,,,,
VO:0005066,pCSIVgag DNA vaccine plasmid,vaccine component,,DNA vaccine plasmid vector,,,,,,,A DNA vaccine plasmid vector that has the plasmid label pCSIVgag.,,"Rebecca Racz, Yongqun He",,,PMID: 18000037,,,,
VO:0005067,pVacc4 DNA vaccine plasmid,vaccine component,,DNA vaccine plasmid vector,,,,,,,A DNA vaccine plasmid vector that has the plasmid label pVacc4.  This plasmid is a derivative of pVacc1 and contains a CMV promoter.,,"Rebecca Racz, Yongqun He",,,PMID: 15004179,,,,
VO:0005068,pBC12B1 DNA vaccine plasmid,vaccine component,,DNA vaccine plasmid vector,,,,,,,A DNA vaccine plasmid vector that has the plasmid label pBC12B1.  This plasmid is a eukaryotic expression vector.,,"Rebecca Racz, Yongqun He",,,PMID: 10948115,,,,
VO:0005069,pGFP DNA vaccine plasmid,vaccine component,,DNA vaccine plasmid vector,,,,,,,A DNA vaccine plasmid vector that has the plasmid label pGFP.  This plasmid is 3300 base pairs in length and contains a lac promoter and an ampicillin resistance gene.,Clontech: http://www.clontech.com/xxclt_ibcGetAttachment.jsp?cItemId=17740,"Rebecca Racz, Yongqun He",,,,,,,
VO:0005070,pCMV-beta DNA vaccine plasmid,vaccine component,,DNA vaccine plasmid vector,,,,,,,A DNA vaccine plasmid vector that has the plasmid label pCMV-beta.  This plasmid is 7164 base pairs in length and contains a CMV promoter and ampicllin resistance gene.,Addgene: http://www.addgene.org/vector-database/2245/,"Rebecca Racz, Yongqun He",,,,,,,
VO:0005071,pSW3891 DNA vaccine plasmid,vaccine component,,DNA vaccine plasmid vector,,,,,,,A DNA vaccine plasmid vector that has the plasmid label pSW3891.  This plasmid contains a CMV promoter.,,"Rebecca Racz, Yongqun He",,,PMID: 16919703,,,,
VO:0005072,pJW4304 DNA vaccine plasmid,vaccine component,,DNA vaccine plasmid vector,,,,,,,A DNA vaccine plasmid vector that has the plasmid label pJW4304.  This plasmid is 5132 base pairs in length and contains a CMV promoter.,NIH AIDS Reagent Program: https://www.aidsreagent.org/reagentdetail.cfm?t=cloning_vectors&id=76,"Rebecca Racz, Yongqun He",,,,,,,
VO:0005073,pGT146-mIL-12 DNA vaccine plasmid,vaccine component,,DNA vaccine plasmid vector,,,,,,,A DNA vaccine plasmid vector that has the plasmid label pGT146-mIL-12.,,"Rebecca Racz, Yongqun He",,,PMID: 18694965,,,,
VO:0005074,pDNAVACC DNA vaccine plasmid,vaccine component,,DNA vaccine plasmid vector,,,,,,,A DNA vaccine plasmid vector that has the plasmid label pDNAVACC.,,"Rebecca Racz, Yongqun He",,,PMID: 21134447,,,,
VO:0005075,VR1055 DNA vaccine plasmid,vaccine component,,DNA vaccine plasmid vector,,,,,,,"A DNA vaccine plasmid vector that has the plasmid label VR1055.  This plasmid is derived from pUC19 and contains a CMV promoter, kanamycin resistance gene, a cloning polylinker, and a transcriptional terminator region derived from the rabbit beta-globin gene.",,"Rebecca Racz, Yongqun He",,,PMID: 9990062,,,,
VO:0005076,pRSC DNA vaccine plasmid,vaccine component,,DNA vaccine plasmid vector,,,,,,,A DNA vaccine plasmid vector that has the plasmid label pRSC.,,"Rebecca Racz, Yongqun He",,,PMID: 21185849,,,,
VO:0005077,pcDNA3.1(Zeo)+ DNA vaccine plasmid,vaccine component,,DNA vaccine plasmid vector,,,,,,,"A DNA vaccine plasmid vector that has the plasmid label pcDNA3.1(Zeo)+.  This plasmid is 5015 base pairs in length and contains a zeocin selectable marker, a CMV promoter, and an ampicillin resistance gene.",Addgene: http://www.addgene.org/vector-database/2110/,"Rebecca Racz, Yongqun He",,,,,,,
VO:0005078,pVF DNA vaccine plasmid,vaccine component,,DNA vaccine plasmid vector,,,,,,,A DNA vaccine plasmid vector that has the plasmid label pVF.,,"Rebecca Racz, Yongqun He",,,PMID: 23026687,,,Also known as pVAX-Flag,
VO:0005177,gorilla adenovirus vector,vaccine component,,adenovirus vaccine vector,,,,,,,an adenovirus vaccine vector that uses a gorilla adenovirus.,,Anthony Huffman,,,,,,,
VO:0005178,adenovirus serotype 26 vaccine vector,vaccine component,,adenovirus vaccine vector,,,,,,,,,Anthony Huffman,,,NCBI Taxonomy ID: 46928,,,,
VO:0005179,lipid nanoparticle vector,vaccine component,,nanoparticle vector,,,,,,,A nanoparticle vector composed of lipids.,PMID: 20402623,Anthony Huffman,,,,,,,
VO:0005180,nanoparticle vector,vaccine component,,vaccine component,,,,,,,A vaccine component composed of a synthetic component that is solid and spherical structures ranging to around 100 nm in size and prepared from natural or synthetic polymers.,PMID: 22353619,Anthony Huffman,,,,,,,
VO:0005181,chimpanzee adenovirus Oxford1 vaccine vector,vaccine component,,chimpanzee adenovirus vaccine vector,,,,,,,"A chimpanzee adenovirus vaccine vector that  patented by Oxford and derived from ChAd serotype Y25 that exchanges the native E4 orf4, orf6 and orf6/7 genes for those from HAdV-C5",PMID: 29527232,,,,ChAdOx1,,,,
VO:0005182,chimpanzee adenovirus Oxford2 vaccine vector,vaccine component,,chimpanzee adenovirus vaccine vector,,,,,,,A chimpanzee adenovirus vaccine vector developed by Oxford by deleting E1/E3  from ChAd68 with a modified E4 region.,PMID: 29527232,,,,ChAdOx2,,,,
VO:0005434,PVSRIPO vaccine vector,vaccine component,,viral vaccine vector,,,,,,,"A recombinant viral vaccine vector that uses PVSRIPO, a recombinant nonpathogenic polio-rhinovirus chimera. PVSRIPO is an engineerable oncolytic virus whereas its internal ribosomal entry site element can be substituted to demolish its cytopathogenic effect. PVSRIPO has a natural inherent tropism for antigen-presenting cells (including dendritic cells and macrophages) due to the presence of the CD-155 receptor on their cellular surfaces. This enables it of inducing CD8+ T-cell mediate immune responses.",https://journals.aai.org/jimmunol/article/172/7/3994/71825/Cutting-Edge-CD96-Tactile-Promotes-NK-Cell-Target|https://link.springer.com/article/10.1007/s00109-008-0433-0|https://pubmed.ncbi.nlm.nih.gov/31988324/|https://www.pnas.org/doi/abs/10.1073/pnas.93.6.2370|https://www.pnas.org/doi/full/10.1073/pnas.95.14.8216|https://www.sciencedirect.com/science/article/pii/B978012810514600009X?via%3Dihub,"Mina Ashraf, Oliver He",,,,,,,
VO:0015484,Neisseria meningitidis Group B Membrane vesicles External Omv,vaccine component,RxNorm Extension,Neisseria meningitidis vaccine antigen,,,,,,,,,OHDSI Vaccine WG,,,,,,,
VO:0015488,Neisseria meningitidis Recombinant Fusion Protein Fhbp Group B,vaccine component,RxNorm Extension,Neisseria meningitidis vaccine antigen,,,,,,,,,OHDSI Vaccine WG,,,,,,,
VO:0017775,Bordetella Pertussis Filamentous Haemagglutinin Antigen,vaccine component,RxNorm Extension,vaccine antigen,,,,,,,,,OHDSI Vaccine WG,,,,,,,
VO:0017776,Bordetella Pertussis Fimbriae Serotype 2 And 3 Antigen,vaccine component,RxNorm Extension,vaccine antigen,,,,,,,,,OHDSI Vaccine WG,,,,,,,
VO:0017680,Haemophilus capsular oligosaccharide,vaccine component,RxNorm,VO:0000919,,,,,,,,http://purl.bioontology.org/ontology/RXNORM/221105,OHDSI Vaccine WG,,,,,,,
VO:0018849,influenza A virus (H5N1) antigen,vaccine component,RxNorm,VO:0000919,,,,,,,,http://purl.bioontology.org/ontology/RXNORM/1804260,OHDSI Vaccine WG,,,,,,,
VO:0018868,"hepatitis A virus strain CR 326F antigen, inactivated",vaccine component,RxNorm,VO:0000919,,,,,,,,http://purl.bioontology.org/ontology/RXNORM/2274413,OHDSI Vaccine WG,,,,,,,
VO:0018917,influenza A virus A/Brisbane/02/2018 (H1N1) antigen,vaccine component,,VO:0015084,,,,,,,,,Xumeng Zhang|Jie Zheng,,,,,,,
VO:0018918,influenza A virus A/Darwin/6/2021 (H3N2) antigen,vaccine component,,VO:0015085,,,,,,,,,Xumeng Zhang|Jie Zheng,,,,,,,
VO:0018919,influenza A virus A/Darwin/9/2021 (H3N2) antigen,vaccine component,,VO:0015085,,,,,,,,,Xumeng Zhang|Jie Zheng,,,,,,,
VO:0018920,influenza A virus A/Guangdong-Maonan/SWL1536/2019 (H1N1) antigen,vaccine component,,VO:0015084,,,,,,,,,Xumeng Zhang|Jie Zheng,,,,,,,
VO:0018921,influenza A virus A/Hong Kong/2671/2019 (H3N2) antigen,vaccine component,,VO:0015085,,,,,,,,,Xumeng Zhang|Jie Zheng,,,,,,,
VO:0018922,influenza A virus A/Kansas/14/2017 (H3N2) antigen,vaccine component,,VO:0015085,,,,,,,,,Xumeng Zhang|Jie Zheng,,,,,,,
VO:0018923,influenza A virus A/Sydney/5/2021 (H1N1) antigen,vaccine component,,VO:0015084,,,,,,,,,Xumeng Zhang|Jie Zheng,,,,,,,
VO:0018924,influenza A virus A/Tasmania/503/2020 (H3N2) antigen,vaccine component,,VO:0015085,,,,,,,,,Xumeng Zhang|Jie Zheng,,,,,,,
VO:0018925,influenza A virus A/Victoria/2570/2019 (H1N1) antigen,vaccine component,,VO:0015084,,,,,,,,,Xumeng Zhang|Jie Zheng,,,,,,,
VO:0018926,influenza B virus B/Austria/1359417/2021 antigen,vaccine component,,VO:0015086,,,,,,,,,Xumeng Zhang|Jie Zheng,,,,,,,
VO:0018927,influenza B virus B/Michigan/01/2021 antigen,vaccine component,,VO:0015086,,,,,,,,,Xumeng Zhang|Jie Zheng,,,,,,,
VO:0018928,influenza B virus B/Washington/02/2019 antigen,vaccine component,,VO:0015086,,,,,,,,,Xumeng Zhang|Jie Zheng,,,,,,,
VO:0018929,yellow fever virus strain 17D-204 live antigen,vaccine component,,VO:0000919,,,,,,,,,Xumeng Zhang|Jie Zheng,,,,,,,
VO:0019672,Bacillus anthracis as vaccine component,vaccine component,RxNorm,VO:0000420,,,,,,,,,OHDSI Vaccine WG,,,,,,,
VO:0019679,Bordetella pertussis as vaccine component,vaccine component,RxNorm,VO:0000420,,,,,,,,,OHDSI Vaccine WG,,,,,,,
VO:0020159,Brucella abortus as vaccine component,vaccine component,RxNorm,VO:0000420,,,,,,,,,OHDSI Vaccine WG,,,,,,,
VO:0020160,Brucella melitensis as vaccine component,vaccine component,RxNorm,VO:0000420,,,,,,,,,OHDSI Vaccine WG,,,,,,,
VO:0020499,Haemophilus influenzae as vaccine component,vaccine component,RxNorm,VO:0000420,,,,,,,,,OHDSI Vaccine WG,,,,,,,
VO:0020500,hepatitis C virus as vaccine component,vaccine component,RxNorm,VO:0000420,,,,,,,,,OHDSI Vaccine WG,,,,,,,
VO:0020501,influenza A virus as vaccine component,vaccine component,RxNorm,VO:0000420,,,,,,,,,OHDSI Vaccine WG,,,,,,,
VO:0020502,influenza B virus as vaccine component,vaccine component,RxNorm,VO:0000420,,,,,,,,,OHDSI Vaccine WG,,,,,,,
VO:0020503,Japanese encephalitis virus as vaccine component,vaccine component,RxNorm,VO:0000420,,,,,,,,,OHDSI Vaccine WG,,,,,,,
VO:0020504,Neisseria meningitidis as vaccine component,vaccine component,RxNorm,VO:0000420,,,,,,,,,OHDSI Vaccine WG,,,,,,,
VO:0020505,rabies virus as vaccine component,vaccine component,RxNorm,VO:0000420,,,,,,,,,OHDSI Vaccine WG,,,,,,,
VO:0020506,Rickettsia prowazekii as vaccine component,vaccine component,RxNorm,VO:0000420,,,,,,,,,OHDSI Vaccine WG,,,,,,,
VO:0020507,rubella virus as vaccine component,vaccine component,RxNorm,VO:0000420,,,,,,,,,OHDSI Vaccine WG,,,,,,,
VO:0020508,Yersinia pestis as vaccine component,vaccine component,RxNorm,VO:0000420,,,,,,,,,OHDSI Vaccine WG,,,,,,,
VO:0020509,Haemophilus influenzae type b as vaccine component,vaccine component,RxNorm,VO:0000420,,,,,,,,,OHDSI Vaccine WG,,,,,,,
VO:0020510,hepatitis A virus as vaccine component,vaccine component,RxNorm,VO:0000420,,,,,,,,,OHDSI Vaccine WG,,,,,,,
VO:0020511,hepatitis B virus as vaccine component,vaccine component,RxNorm,VO:0000420,,,,,,,,,OHDSI Vaccine WG,,,,,,,
VO:0020512,poliovirus as vaccine component,vaccine component,RxNorm,VO:0000420,,,,,,,,,OHDSI Vaccine WG,,,,,,,
VO:0020513,Vibrio cholerae as vaccine component,vaccine component,RxNorm,VO:0000420,,,,,,,,,OHDSI Vaccine WG,,,,,,,